Country_Name,Year,Index,Arrivals,Receipts,Expenditures,Population,Balance,Arrivals_zscore,Receipts_zscore,Expenditures_zscore,Population_zscore,Balance_zscore
Afghanistan,2015,Afghanistan-2015,0,86000000,151000000,33831764,-65000000,-0.3967,-0.3459,-0.3545,-0.0302,-0.1618
Afghanistan,2016,Afghanistan-2016,0,62000000,89000000,34700612,-27000000,-0.3967,-0.3471,-0.3584,-0.0229,-0.1574
Afghanistan,2017,Afghanistan-2017,0,16000000,130000000,35688935,-114000000,-0.3967,-0.3493,-0.3558,-0.0147,-0.1675
Afghanistan,2018,Afghanistan-2018,0,50000000,226000000,36743039,-176000000,-0.3967,-0.3477,-0.3497,-0.0058,-0.1747
Afghanistan,2019,Afghanistan-2019,0,85000000,168000000,37856121,-83000000,-0.3967,-0.3459,-0.3534,0.0035,-0.1639
Afghanistan,2020,Afghanistan-2020,0,75000000,49000000,39068979,26000000,-0.3967,-0.3464,-0.3609,0.0136,-0.1512
Albania,2015,Albania-2015,4131000,1613000000,1311000000,2880703,302000000,-0.2275,-0.2705,-0.2812,-0.2891,-0.1191
Albania,2016,Albania-2016,4736000,1821000000,1338000000,2876101,483000000,-0.2027,-0.2602,-0.2795,-0.2891,-0.098
Albania,2017,Albania-2017,5118000,2050000000,1473000000,2873457,577000000,-0.1871,-0.2489,-0.271,-0.2891,-0.087
Albania,2018,Albania-2018,5927000,2306000000,1750000000,2866376,556000000,-0.154,-0.2363,-0.2535,-0.2892,-0.0895
Albania,2019,Albania-2019,6406000,2458000000,1852000000,2854191,606000000,-0.1343,-0.2288,-0.2471,-0.2893,-0.0837
Albania,2020,Albania-2020,2658000,1243000000,805000000,2837849,438000000,-0.2879,-0.2888,-0.3132,-0.2894,-0.1032
Algeria,2015,Algeria-2015,1710000,347000000,762000000,40019529,-415000000,-0.3267,-0.333,-0.3159,0.0216,-0.2026
Algeria,2016,Algeria-2016,2039000,246000000,556000000,40850721,-310000000,-0.3132,-0.338,-0.3289,0.0285,-0.1904
Algeria,2017,Algeria-2017,2451000,171000000,632000000,41689299,-461000000,-0.2963,-0.3417,-0.3241,0.0355,-0.2079
Algeria,2018,Algeria-2018,2657000,196500000,542000000,42505035,-345500000,-0.2879,-0.3404,-0.3298,0.0423,-0.1945
Algeria,2019,Algeria-2019,2371000,140000000,670000000,43294546,-530000000,-0.2996,-0.3432,-0.3217,0.049,-0.216
Algeria,2020,Algeria-2020,591000,50000000,272000000,44042091,-222000000,-0.3725,-0.3477,-0.3468,0.0552,-0.1801
Angola,2015,Angola-2015,592000,1171000000,389000000,28157798,782000000,-0.3725,-0.2923,-0.3394,-0.0776,-0.0632
Angola,2016,Angola-2016,397000,628000000,823000000,29183070,-195000000,-0.3805,-0.3191,-0.312,-0.0691,-0.177
Angola,2017,Angola-2017,261000,884000000,1216000000,30234839,-332000000,-0.386,-0.3065,-0.2872,-0.0603,-0.1929
Angola,2018,Angola-2018,218000,557000000,762000000,31297155,-205000000,-0.3878,-0.3226,-0.3159,-0.0514,-0.1781
Angola,2019,Angola-2019,218000,395000000,717000000,32375632,-322000000,-0.3878,-0.3306,-0.3187,-0.0424,-0.1917
Angola,2020,Angola-2020,337200,19000000,691000000,33451132,-672000000,-0.3829,-0.3492,-0.3204,-0.0334,-0.2325
Antigua And Barbuda,2015,Antigua And Barbuda-2015,894000,802000000,95000000,89409,707000000,-0.3601,-0.3105,-0.358,-0.3124,-0.0719
Antigua And Barbuda,2016,Antigua And Barbuda-2016,874000,844000000,101000000,89969,743000000,-0.3609,-0.3085,-0.3576,-0.3124,-0.0677
Antigua And Barbuda,2017,Antigua And Barbuda-2017,1040000,820000000,106000000,90468,714000000,-0.3541,-0.3096,-0.3573,-0.3124,-0.0711
Antigua And Barbuda,2018,Antigua And Barbuda-2018,1064000,854000000,111000000,90926,743000000,-0.3531,-0.308,-0.357,-0.3124,-0.0677
Antigua And Barbuda,2019,Antigua And Barbuda-2019,1035000,992000000,119000000,91364,873000000,-0.3543,-0.3011,-0.3565,-0.3124,-0.0526
Antigua And Barbuda,2020,Antigua And Barbuda-2020,384500,416000000,35000000,91846,381000000,-0.381,-0.3296,-0.3618,-0.3124,-0.1099
Argentina,2015,Argentina-2015,6816000,5441000000,9348000000,43477012,-3907000000,-0.1175,-0.0815,0.2261,0.0505,-0.6093
Argentina,2016,Argentina-2016,6668000,5466000000,12273000000,43900313,-6807000000,-0.1236,-0.0802,0.4107,0.054,-0.9471
Argentina,2017,Argentina-2017,6711000,5830000000,14180000000,44288894,-8350000000,-0.1218,-0.0622,0.5311,0.0573,-1.1268
Argentina,2018,Argentina-2018,6942000,5999000000,13084000000,44654882,-7085000000,-0.1124,-0.0539,0.4619,0.0603,-0.9795
Argentina,2019,Argentina-2019,7399000,5654000000,9845000000,44973465,-4191000000,-0.0937,-0.0709,0.2574,0.063,-0.6424
Argentina,2020,Argentina-2020,6907200,1702000000,2746000000,45191965,-1044000000,-0.1138,-0.2661,-0.1907,0.0648,-0.2758
Armenia,2015,Armenia-2015,1192000,956000000,1057000000,3004600,-101000000,-0.3479,-0.3029,-0.2973,-0.288,-0.166
Armenia,2016,Armenia-2016,1260000,1037000000,1033000000,2992300,4000000,-0.3451,-0.2989,-0.2988,-0.2881,-0.1538
Armenia,2017,Armenia-2017,1495000,1224000000,1218000000,2979400,6000000,-0.3355,-0.2897,-0.2871,-0.2882,-0.1535
Armenia,2018,Armenia-2018,1652000,1358000000,1335000000,2969000,23000000,-0.3291,-0.2831,-0.2797,-0.2883,-0.1516
Armenia,2019,Armenia-2019,1894000,1553000000,1543000000,2962500,10000000,-0.3191,-0.2734,-0.2666,-0.2884,-0.1531
Armenia,2020,Armenia-2020,375000,303000000,330000000,2961500,-27000000,-0.3814,-0.3352,-0.3432,-0.2884,-0.1574
Australia,2015,Australia-2015,7449000,36249000000,34071000000,23815995,2178000000,-0.0916,1.4398,1.7866,-0.114,0.0994
Australia,2016,Australia-2016,8269000,39059000000,35718000000,24190907,3341000000,-0.058,1.5786,1.8906,-0.1108,0.2349
Australia,2017,Australia-2017,8815000,43975000000,39710000000,24592588,4265000000,-0.0357,1.8213,2.1426,-0.1075,0.3425
Australia,2018,Australia-2018,9246000,47327000000,42439000000,24963258,4888000000,-0.018,1.9869,2.3148,-0.1044,0.4151
Australia,2019,Australia-2019,9466000,47953000000,41345000000,25334826,6608000000,-0.009,2.0178,2.2458,-0.1013,0.6154
Australia,2020,Australia-2020,1828000,26234000000,7654000000,25649248,18580000000,-0.3219,0.9453,0.1191,-0.0986,2.0099
Austria,2015,Austria-2015,26728000,20422000000,11337000000,8642699,9085000000,0.6981,0.6583,0.3516,-0.2409,0.904
Austria,2016,Austria-2016,28121000,20965000000,11634000000,8736668,9331000000,0.7551,0.6851,0.3704,-0.2401,0.9326
Austria,2017,Austria-2017,29460000,22424000000,12878000000,8797566,9546000000,0.81,0.7572,0.4489,-0.2396,0.9577
Austria,2018,Austria-2018,30816000,25413000000,14109000000,8840521,11304000000,0.8655,0.9048,0.5266,-0.2392,1.1624
Austria,2019,Austria-2019,31884000,25924000000,13922000000,8879920,12002000000,0.9093,0.93,0.5148,-0.2389,1.2437
Austria,2020,Austria-2020,15091000,15362000000,5551000000,8916864,9811000000,0.2214,0.4084,-0.0136,-0.2386,0.9885
Azerbaijan,2015,Azerbaijan-2015,2006000,2535000000,2743000000,9649341,-208000000,-0.3146,-0.225,-0.1908,-0.2324,-0.1785
Azerbaijan,2016,Azerbaijan-2016,2249000,2855000000,2593000000,9757812,262000000,-0.3046,-0.2092,-0.2003,-0.2315,-0.1237
Azerbaijan,2017,Azerbaijan-2017,2697000,3214000000,2803000000,9854033,411000000,-0.2863,-0.1914,-0.1871,-0.2307,-0.1064
Azerbaijan,2018,Azerbaijan-2018,2850000,2830000000,2453000000,9939771,377000000,-0.28,-0.2104,-0.2091,-0.23,-0.1103
Azerbaijan,2019,Azerbaijan-2019,3170000,2004099975.59,1839000000,10024283,165099975.59,-0.2669,-0.2512,-0.2479,-0.2293,-0.135
Azerbaijan,2020,Azerbaijan-2020,796000,340000000,439000000,10093121,-99000000,-0.3641,-0.3333,-0.3363,-0.2287,-0.1658
"Bahamas, The",2015,"Bahamas, The-2015",6112000,2554000000,347000000,385346,2207000000,-0.1464,-0.224,-0.3421,-0.3099,0.1028
"Bahamas, The",2016,"Bahamas, The-2016",6265000,3091000000,440000000,388055,2651000000,-0.1401,-0.1975,-0.3362,-0.3099,0.1545
"Bahamas, The",2017,"Bahamas, The-2017",6136000,2951000000,554000000,390485,2397000000,-0.1454,-0.2044,-0.329,-0.3099,0.125
"Bahamas, The",2018,"Bahamas, The-2018",6622000,3756000000,519000000,392717,3237000000,-0.1255,-0.1647,-0.3312,-0.3099,0.2228
"Bahamas, The",2019,"Bahamas, The-2019",7250000,4150000000,514000000,394675,3636000000,-0.0998,-0.1452,-0.3315,-0.3099,0.2693
"Bahamas, The",2020,"Bahamas, The-2020",1794500,1007000000,166000000,395863,841000000,-0.3232,-0.3004,-0.3535,-0.3098,-0.0563
Bahrain,2015,Bahrain-2015,9670000,2827000000,4939000000,1370322,-2112000000,-0.0006,-0.2105,-0.0522,-0.3017,-0.4002
Bahrain,2016,Bahrain-2016,10158000,4021000000,3267000000,1423726,754000000,0.0194,-0.1516,-0.1578,-0.3012,-0.0664
Bahrain,2017,Bahrain-2017,11374000,4380000000,3178000000,1501116,1202000000,0.0692,-0.1338,-0.1634,-0.3006,-0.0142
Bahrain,2018,Bahrain-2018,12045000,3834000000,2522000000,1503091,1312000000,0.0966,-0.1608,-0.2048,-0.3006,-0.0014
Bahrain,2019,Bahrain-2019,11061000,3860000000,2637000000,1483756,1223000000,0.0563,-0.1595,-0.1975,-0.3007,-0.0118
Bahrain,2020,Bahrain-2020,1909000,724000000,3308600000,1472204,-2584600000,-0.3185,-0.3144,-0.1551,-0.3008,-0.4553
Bangladesh,2015,Bangladesh-2015,126000,150300003.05,827000000,159383179,-676699996.95,-0.3916,-0.3427,-0.3118,1.0199,-0.2331
Bangladesh,2016,Bangladesh-2016,182000,214300003.05,843000000,160811932,-628699996.95,-0.3893,-0.3396,-0.3108,1.0318,-0.2275
Bangladesh,2017,Bangladesh-2017,237000,348000000,1127000000,162186147,-779000000,-0.387,-0.3329,-0.2928,1.0433,-0.245
Bangladesh,2018,Bangladesh-2018,267000,357000000,1207000000,163523103,-850000000,-0.3858,-0.3325,-0.2878,1.0545,-0.2532
Bangladesh,2019,Bangladesh-2019,323000,391000000,1389000000,164913055,-998000000,-0.3835,-0.3308,-0.2763,1.0661,-0.2705
Bangladesh,2020,Bangladesh-2020,227000,217899993.9,659000000,166298024,-441100006.1,-0.3874,-0.3394,-0.3224,1.0777,-0.2056
Belarus,2015,Belarus-2015,4386000,1013000000,997000000,9461076,16000000,-0.2171,-0.3001,-0.3011,-0.234,-0.1524
Belarus,2016,Belarus-2016,10935000,1019000000,891000000,9469379,128000000,0.0512,-0.2998,-0.3077,-0.234,-0.1393
Belarus,2017,Belarus-2017,11060000,1124500000,1082000000,9458989,42500000,0.0563,-0.2946,-0.2957,-0.234,-0.1493
Belarus,2018,Belarus-2018,11502000,1221000000,1170000000,9438785,51000000,0.0744,-0.2898,-0.2901,-0.2342,-0.1483
Belarus,2019,Belarus-2019,11832000,1290000000,1224500000,9419758,65500000,0.0879,-0.2864,-0.2867,-0.2344,-0.1466
Belarus,2020,Belarus-2020,3598000,542000000,477000000,9379952,65000000,-0.2494,-0.3234,-0.3339,-0.2347,-0.1467
Belgium,2015,Belgium-2015,8355000,8975000000,15856000000,11274196,-6881000000,-0.0545,0.0931,0.6369,-0.2189,-0.9557
Belgium,2016,Belgium-2016,7481000,8784000000,16522000000,11331422,-7738000000,-0.0903,0.0836,0.6789,-0.2184,-1.0556
Belgium,2017,Belgium-2017,8385000,9636000000,17835000000,11375158,-8199000000,-0.0533,0.1257,0.7618,-0.218,-1.1092
Belgium,2018,Belgium-2018,9119000,10319000000,20789000000,11427054,-10470000000,-0.0232,0.1594,0.9482,-0.2176,-1.3738
Belgium,2019,Belgium-2019,9343000,10581000000,20998000000,11488980,-10417000000,-0.014,0.1724,0.9614,-0.2171,-1.3676
Belgium,2020,Belgium-2020,2584000,7447000000,13928000000,11538604,-6481000000,-0.2909,0.0176,0.5152,-0.2166,-0.9091
Belize,2015,Belize-2015,1299000,0,50000000,356333,-50000000,-0.3435,-0.3501,-0.3608,-0.3102,-0.1601
Belize,2016,Belize-2016,1391000,0,55000000,364705,-55000000,-0.3398,-0.3501,-0.3605,-0.3101,-0.1606
Belize,2017,Belize-2017,1441000,0,53000000,373202,-53000000,-0.3377,-0.3501,-0.3606,-0.31,-0.1604
Belize,2018,Belize-2018,1697000,0,50000000,380226,-50000000,-0.3272,-0.3501,-0.3608,-0.31,-0.1601
Belize,2019,Belize-2019,1674000,0,45400001.53,385829,-45400001.53,-0.3282,-0.3501,-0.3611,-0.3099,-0.1595
Belize,2020,Belize-2020,487000,0,22040000.92,390812,-22040000.92,-0.3768,-0.3501,-0.3626,-0.3099,-0.1568
Benin,2015,Benin-2015,279000,148000000,141000000,11360681,7000000,-0.3853,-0.3428,-0.3551,-0.2181,-0.1534
Benin,2016,Benin-2016,292000,129000000,87000000,11697842,42000000,-0.3848,-0.3438,-0.3585,-0.2153,-0.1494
Benin,2017,Benin-2017,307000,160000000,148000000,12039780,12000000,-0.3842,-0.3422,-0.3546,-0.2125,-0.1528
Benin,2018,Benin-2018,322000,175000000,76000000,12383347,99000000,-0.3835,-0.3415,-0.3592,-0.2096,-0.1427
Benin,2019,Benin-2019,337000,240860000.61,130000000,12726755,110860000.61,-0.3829,-0.3382,-0.3558,-0.2067,-0.1413
Bhutan,2015,Bhutan-2015,155000,120000000,44000000,740618,76000000,-0.3904,-0.3442,-0.3612,-0.307,-0.1454
Bhutan,2016,Bhutan-2016,210000,139000000,52000000,747866,87000000,-0.3881,-0.3433,-0.3607,-0.3069,-0.1441
Bhutan,2017,Bhutan-2017,255000,153000000,63000000,754335,90000000,-0.3863,-0.3426,-0.36,-0.3068,-0.1438
Bhutan,2018,Bhutan-2018,274000,121000000,79000000,759759,42000000,-0.3855,-0.3442,-0.359,-0.3068,-0.1494
Bhutan,2019,Bhutan-2019,316000,120000000,67000000,764824,53000000,-0.3838,-0.3442,-0.3598,-0.3068,-0.1481
Bhutan,2020,Bhutan-2020,29800,84000000,50000000,770006,34000000,-0.3955,-0.346,-0.3608,-0.3067,-0.1503
Bolivia,2015,Bolivia-2015,882000,810000000,849000000,11014705,-39000000,-0.3606,-0.3101,-0.3104,-0.221,-0.1588
Bolivia,2016,Bolivia-2016,961000,827000000,960000000,11180020,-133000000,-0.3574,-0.3093,-0.3034,-0.2196,-0.1697
Bolivia,2017,Bolivia-2017,1109000,928000000,997000000,11344587,-69000000,-0.3513,-0.3043,-0.3011,-0.2183,-0.1623
Bolivia,2018,Bolivia-2018,1142000,948000000,1009000000,11508368,-61000000,-0.35,-0.3033,-0.3003,-0.2169,-0.1613
Bolivia,2019,Bolivia-2019,1239000,977000000,1111000000,11671386,-134000000,-0.346,-0.3019,-0.2939,-0.2155,-0.1699
Bolivia,2020,Bolivia-2020,323299.99,243000000,325000000,11816299,-82000000,-0.3835,-0.3381,-0.3435,-0.2143,-0.1638
Bosnia And Herzegovina,2015,Bosnia And Herzegovina-2015,678000,794000000,278000000,3518541,516000000,-0.369,-0.3109,-0.3464,-0.2837,-0.0941
Bosnia And Herzegovina,2016,Bosnia And Herzegovina-2016,778000,875000000,290000000,3473003,585000000,-0.3649,-0.3069,-0.3457,-0.2841,-0.0861
Bosnia And Herzegovina,2017,Bosnia And Herzegovina-2017,923000,984000000,346000000,3428682,638000000,-0.3589,-0.3015,-0.3421,-0.2845,-0.0799
Bosnia And Herzegovina,2018,Bosnia And Herzegovina-2018,1053000,1147000000,378000000,3387000,769000000,-0.3536,-0.2935,-0.3401,-0.2848,-0.0647
Bosnia And Herzegovina,2019,Bosnia And Herzegovina-2019,1198000,1225000000,393000000,3345533,832000000,-0.3477,-0.2896,-0.3392,-0.2852,-0.0573
Bosnia And Herzegovina,2020,Bosnia And Herzegovina-2020,197000,438000000,163000000,3299349,275000000,-0.3887,-0.3285,-0.3537,-0.2856,-0.1222
Botswana,2015,Botswana-2015,1660000,534299987.79,256399993.9,2203273,277899993.89,-0.3287,-0.3237,-0.3478,-0.2947,-0.1219
Botswana,2016,Botswana-2016,1712000,505000000,237100006.1,2234776,267899993.9,-0.3266,-0.3252,-0.349,-0.2945,-0.123
Botswana,2017,Botswana-2017,1775000,542010009.77,253300003.05,2266747,288710006.72,-0.324,-0.3234,-0.348,-0.2942,-0.1206
Botswana,2018,Botswana-2018,1830000,584200012.21,278299987.79,2299141,305900024.42,-0.3218,-0.3213,-0.3464,-0.2939,-0.1186
Botswana,2019,Botswana-2019,1744250,712400024.41,294700012.21,2332083,417700012.2,-0.3253,-0.315,-0.3454,-0.2936,-0.1056
Botswana,2020,Botswana-2020,1744250,217000000,91800003.05,2365894,125199996.95,-0.3253,-0.3394,-0.3582,-0.2934,-0.1397
Brazil,2015,Brazil-2015,6306000,6254000000,20356000000,201675532,-14102000000,-0.1384,-0.0413,0.9209,1.3736,-1.7968
Brazil,2016,Brazil-2016,6547000,6613000000,17068000000,203218114,-10455000000,-0.1286,-0.0236,0.7134,1.3865,-1.372
Brazil,2017,Brazil-2017,6589000,6175000000,22991000000,204703445,-16816000000,-0.1268,-0.0452,1.0872,1.3989,-2.1129
Brazil,2018,Brazil-2018,6621000,6324000000,22229000000,206107261,-15905000000,-0.1255,-0.0379,1.0391,1.4107,-2.0068
Brazil,2019,Brazil-2019,6353000,6127000000,21178000000,207455459,-15051000000,-0.1365,-0.0476,0.9728,1.422,-1.9074
Brazil,2020,Brazil-2020,6483200,3099000000,6490000000,208660842,-3391000000,-0.1312,-0.1971,0.0457,1.432,-0.5492
Brunei Darussalam,2015,Brunei Darussalam-2015,4364666.67,147000000,459000000,422212,-312000000,-0.2179,-0.3429,-0.335,-0.3096,-0.1906
Brunei Darussalam,2016,Brunei Darussalam-2016,4257000,144000000,499000000,427564,-355000000,-0.2224,-0.343,-0.3325,-0.3096,-0.1956
Brunei Darussalam,2017,Brunei Darussalam-2017,4316000,177000000,504000000,432772,-327000000,-0.2199,-0.3414,-0.3322,-0.3095,-0.1923
Brunei Darussalam,2018,Brunei Darussalam-2018,4521000,190000000,585000000,437810,-395000000,-0.2115,-0.3408,-0.3271,-0.3095,-0.2003
Bulgaria,2015,Bulgaria-2015,9317000,3568000000,1346000000,7177991,2222000000,-0.0151,-0.1739,-0.279,-0.2531,0.1046
Bulgaria,2016,Bulgaria-2016,10604000,4148000000,1636000000,7127822,2512000000,0.0376,-0.1453,-0.2607,-0.2535,0.1384
Bulgaria,2017,Bulgaria-2017,11596000,4663000000,2047000000,7075947,2616000000,0.0783,-0.1199,-0.2348,-0.254,0.1505
Bulgaria,2018,Bulgaria-2018,12368000,5061000000,2247000000,7025037,2814000000,0.1099,-0.1002,-0.2221,-0.2544,0.1735
Bulgaria,2019,Bulgaria-2019,12552000,4832000000,2196000000,6975761,2636000000,0.1174,-0.1115,-0.2254,-0.2548,0.1528
Bulgaria,2020,Bulgaria-2020,4973000,1792000000,1263000000,6934015,529000000,-0.193,-0.2616,-0.2843,-0.2552,-0.0926
Burkina Faso,2015,Burkina Faso-2015,163000,152000000,160000000,18777487,-8000000,-0.3901,-0.3426,-0.3539,-0.1561,-0.1552
Burkina Faso,2016,Burkina Faso-2016,152000,172000000,176000000,19334856,-4000000,-0.3905,-0.3416,-0.3529,-0.1514,-0.1547
Burkina Faso,2017,Burkina Faso-2017,143000,172000000,182000000,19894407,-10000000,-0.3909,-0.3416,-0.3525,-0.1468,-0.1554
Burkina Faso,2018,Burkina Faso-2018,144000,179000000,191000000,20438288,-12000000,-0.3908,-0.3413,-0.3519,-0.1422,-0.1556
Burkina Faso,2019,Burkina Faso-2019,143000,173000000,185199996.95,20961952,-12199996.95,-0.3909,-0.3416,-0.3523,-0.1378,-0.1557
Cabo Verde,2015,Cabo Verde-2015,520000,380000000,109000000,512394,271000000,-0.3754,-0.3314,-0.3571,-0.3089,-0.1227
Cabo Verde,2016,Cabo Verde-2016,598000,397000000,79000000,512554,318000000,-0.3722,-0.3305,-0.359,-0.3089,-0.1172
Cabo Verde,2017,Cabo Verde-2017,668000,451000000,100000000,512893,351000000,-0.3694,-0.3279,-0.3577,-0.3089,-0.1134
Cabo Verde,2018,Cabo Verde-2018,710000,520000000,112000000,513415,408000000,-0.3676,-0.3245,-0.3569,-0.3089,-0.1067
Cabo Verde,2019,Cabo Verde-2019,758000,567000000,107000000,514104,460000000,-0.3657,-0.3221,-0.3572,-0.3089,-0.1007
Cabo Verde,2020,Cabo Verde-2020,180000,169000000,59000000,514679,110000000,-0.3894,-0.3418,-0.3603,-0.3089,-0.1414
Cambodia,2015,Cambodia-2015,4775000,3419000000,641000000,15623251,2778000000,-0.2011,-0.1813,-0.3235,-0.1825,0.1693
Cambodia,2016,Cambodia-2016,5012000,3523000000,762000000,15852803,2761000000,-0.1914,-0.1762,-0.3159,-0.1806,0.1674
Cambodia,2017,Cambodia-2017,5602000,4024000000,919000000,16073372,3105000000,-0.1673,-0.1514,-0.306,-0.1787,0.2074
Cambodia,2018,Cambodia-2018,6201000,4832000000,1080000000,16274522,3752000000,-0.1427,-0.1115,-0.2958,-0.177,0.2828
Cambodia,2019,Cambodia-2019,6611000,5312000000,1162000000,16481304,4150000000,-0.1259,-0.0878,-0.2906,-0.1753,0.3291
Cambodia,2020,Cambodia-2020,1306000,1119000000,213000000,16725474,906000000,-0.3432,-0.2949,-0.3505,-0.1733,-0.0487
Cameroon,2015,Cameroon-2015,897000,476000000,742000000,22763414,-266000000,-0.36,-0.3266,-0.3171,-0.1228,-0.1852
Cameroon,2016,Cameroon-2016,994000,508000000,818000000,23454161,-310000000,-0.356,-0.325,-0.3124,-0.117,-0.1904
Cameroon,2017,Cameroon-2017,1081000,544000000,845000000,24128601,-301000000,-0.3525,-0.3233,-0.3106,-0.1113,-0.1893
Cameroon,2018,Cameroon-2018,997000,633000000,915000000,24806383,-282000000,-0.3559,-0.3189,-0.3062,-0.1057,-0.1871
Cameroon,2019,Cameroon-2019,1021000,681000000,984000000,25506095,-303000000,-0.3549,-0.3165,-0.3019,-0.0998,-0.1895
Cameroon,2020,Cameroon-2020,998000,437000000,697000000,26210558,-260000000,-0.3558,-0.3286,-0.32,-0.0939,-0.1845
Chile,2015,Chile-2015,5487000,3412000000,2518000000,18047625,894000000,-0.172,-0.1816,-0.205,-0.1622,-0.0501
Chile,2016,Chile-2016,6712000,3744000000,2733000000,18267221,1011000000,-0.1218,-0.1653,-0.1915,-0.1604,-0.0365
Chile,2017,Chile-2017,7621000,4115000000,3093000000,18558868,1022000000,-0.0846,-0.1469,-0.1687,-0.1579,-0.0352
Chile,2018,Chile-2018,6603000,3911000000,3124000000,18893191,787000000,-0.1263,-0.157,-0.1668,-0.1551,-0.0626
Chile,2019,Chile-2019,5431000,3279000000,3142000000,19197744,137000000,-0.1743,-0.1882,-0.1657,-0.1526,-0.1383
Chile,2020,Chile-2020,6370800,1034000000,720000000,19370624,314000000,-0.1358,-0.2991,-0.3185,-0.1511,-0.1177
Colombia,2015,Colombia-2015,3371000,5281000000,4890000000,46969940,391000000,-0.2586,-0.0894,-0.0553,0.0797,-0.1087
Colombia,2016,Colombia-2016,3675000,5631000000,4891000000,47437512,740000000,-0.2462,-0.0721,-0.0553,0.0836,-0.068
Colombia,2017,Colombia-2017,4056000,5899000000,5136000000,48131078,763000000,-0.2306,-0.0588,-0.0398,0.0894,-0.0654
Colombia,2018,Colombia-2018,4397000,6655000000,5531000000,49024465,1124000000,-0.2166,-0.0215,-0.0149,0.0969,-0.0233
Colombia,2019,Colombia-2019,4531000,6784000000,5658000000,49907985,1126000000,-0.2111,-0.0151,-0.0068,0.1043,-0.0231
Colombia,2020,Colombia-2020,1396000,1959000000,1576000000,50629997,383000000,-0.3395,-0.2534,-0.2645,0.1103,-0.1096
Comoros,2015,Comoros-2015,23600,51599998.47,34000000,726682,17599998.47,-0.3958,-0.3476,-0.3618,-0.3071,-0.1522
Comoros,2016,Comoros-2016,26800,50500000,38000000,741741,12500000,-0.3956,-0.3476,-0.3616,-0.307,-0.1528
Comoros,2017,Comoros-2017,28000,60599998.47,42000000,756669,18599998.47,-0.3956,-0.3471,-0.3613,-0.3068,-0.1521
Comoros,2018,Comoros-2018,35900,73699996.95,48000000,771590,25699996.95,-0.3953,-0.3465,-0.361,-0.3067,-0.1512
Comoros,2019,Comoros-2019,45100,72699996.95,53000000,786578,19699996.95,-0.3949,-0.3465,-0.3606,-0.3066,-0.1519
Comoros,2020,Comoros-2020,7000,18500000,43000000,802163,-24500000,-0.3964,-0.3492,-0.3613,-0.3064,-0.1571
"Congo, Dem. Rep.",2015,"Congo, Dem. Rep.-2015",354000,100000,127000000,81035531,-126900000,-0.3822,-0.3501,-0.356,0.3646,-0.169
"Congo, Dem. Rep.",2016,"Congo, Dem. Rep.-2016",351000,4300000,60000000,83956415,-55700000,-0.3824,-0.3499,-0.3602,0.389,-0.1607
"Congo, Dem. Rep.",2017,"Congo, Dem. Rep.-2017",352500,6000000,68000000,87083398,-62000000,-0.3823,-0.3498,-0.3597,0.4152,-0.1615
"Congo, Dem. Rep.",2018,"Congo, Dem. Rep.-2018",352500,60500000,115000000,90047644,-54500000,-0.3823,-0.3471,-0.3567,0.44,-0.1606
Costa Rica,2015,Costa Rica-2015,2899000,3408000000,898000000,4818038,2510000000,-0.278,-0.1818,-0.3073,-0.2729,0.1381
Costa Rica,2016,Costa Rica-2016,3204000,3776000000,1055000000,4866998,2721000000,-0.2655,-0.1637,-0.2974,-0.2724,0.1627
Costa Rica,2017,Costa Rica-2017,3231000,3758000000,1322000000,4913177,2436000000,-0.2644,-0.1646,-0.2805,-0.2721,0.1295
Costa Rica,2018,Costa Rica-2018,3313000,4073000000,1198000000,4957818,2875000000,-0.261,-0.149,-0.2884,-0.2717,0.1806
Costa Rica,2019,Costa Rica-2019,3366000,4282000000,1330000000,4999553,2952000000,-0.2589,-0.1387,-0.28,-0.2713,0.1896
Costa Rica,2020,Costa Rica-2020,1146500,1479000000,697000000,5034320,782000000,-0.3498,-0.2771,-0.32,-0.271,-0.0632
Cote D'Ivoire,2015,Cote D'Ivoire-2015,1441000,214000000,560000000,25246342,-346000000,-0.3377,-0.3396,-0.3286,-0.102,-0.1945
Cote D'Ivoire,2016,Cote D'Ivoire-2016,1583000,477000000,491000000,25989405,-14000000,-0.3319,-0.3266,-0.333,-0.0958,-0.1559
Cote D'Ivoire,2017,Cote D'Ivoire-2017,1800000,509000000,564000000,26733372,-55000000,-0.323,-0.325,-0.3284,-0.0896,-0.1606
Cote D'Ivoire,2018,Cote D'Ivoire-2018,1965000,551000000,625000000,27464173,-74000000,-0.3162,-0.3229,-0.3245,-0.0835,-0.1629
Cote D'Ivoire,2019,Cote D'Ivoire-2019,2070000,550500000,702000000,28193009,-151500000,-0.3119,-0.3229,-0.3197,-0.0774,-0.1719
Cote D'Ivoire,2020,Cote D'Ivoire-2020,668000,199300003.05,315000000,28915449,-115699996.95,-0.3694,-0.3403,-0.3441,-0.0713,-0.1677
Croatia,2015,Croatia-2015,55858000,8207000000,770000000,4151725,7437000000,1.8913,0.0551,-0.3154,-0.2784,0.712
Croatia,2016,Croatia-2016,57587000,9215000000,954000000,4106867,8261000000,1.9621,0.1049,-0.3038,-0.2788,0.808
Croatia,2017,Croatia-2017,59238000,10534000000,1410000000,4041407,9124000000,2.0297,0.17,-0.275,-0.2794,0.9085
Croatia,2018,Croatia-2018,57668000,11348000000,1741000000,3988775,9607000000,1.9654,0.2102,-0.2541,-0.2798,0.9648
Croatia,2019,Croatia-2019,60021000,11974000000,1811000000,3949390,10163000000,2.0618,0.2411,-0.2497,-0.2801,1.0295
Croatia,2020,Croatia-2020,21608000,5631853027.34,789687194.82,3914206,4842165832.52,0.4884,-0.072,-0.3141,-0.2804,0.4098
Cuba,2015,Cuba-2015,3540000,2819000000,0,11275065,2819000000,-0.2517,-0.2109,-0.364,-0.2189,0.1741
Cuba,2016,Cuba-2016,4009000,3069000000,0,11265612,3069000000,-0.2325,-0.1986,-0.364,-0.2189,0.2032
Cuba,2017,Cuba-2017,4654000,3302000000,0,11247829,3302000000,-0.2061,-0.1871,-0.364,-0.2191,0.2304
Cuba,2018,Cuba-2018,4712000,2783000000,0,11227118,2783000000,-0.2037,-0.2127,-0.364,-0.2193,0.1699
Cuba,2019,Cuba-2019,4276000,2645000000,0,11202846,2645000000,-0.2216,-0.2195,-0.364,-0.2195,0.1538
Cuba,2020,Cuba-2020,1086000,1152000000,0,11176354,1152000000,-0.3522,-0.2932,-0.364,-0.2197,-0.0201
Cyprus,2015,Cyprus-2015,2780000,2525664306.64,1453000000,1219502,1072664306.64,-0.2829,-0.2254,-0.2723,-0.303,-0.0293
Cyprus,2016,Cyprus-2016,3286000,2870000000,1559318481.45,1237112,1310681518.55,-0.2621,-0.2084,-0.2656,-0.3028,-0.0016
Cyprus,2017,Cyprus-2017,3750000,3274000000,1378000000,1254275,1896000000,-0.2431,-0.1885,-0.277,-0.3027,0.0666
Cyprus,2018,Cyprus-2018,4024000,3449000000,1569000000,1270737,1880000000,-0.2319,-0.1798,-0.2649,-0.3025,0.0647
Cyprus,2019,Cyprus-2019,4117000,3245000000,1596000000,1286671,1649000000,-0.2281,-0.1899,-0.2632,-0.3024,0.0378
Cyprus,2020,Cyprus-2020,3591400,663000000,880000000,1302247,-217000000,-0.2496,-0.3174,-0.3084,-0.3023,-0.1795
Czechia,2015,Czechia-2015,29604000,6766000000,4819000000,10546059,1947000000,0.8159,-0.016,-0.0598,-0.2249,0.0725
Czechia,2016,Czechia-2016,32519000,7041000000,4962000000,10566332,2079000000,0.9353,-0.0024,-0.0508,-0.2248,0.0879
Czechia,2017,Czechia-2017,34701000,7695000000,5533000000,10594438,2162000000,1.0247,0.0298,-0.0147,-0.2245,0.0976
Czechia,2018,Czechia-2018,36268000,8283000000,6074000000,10629928,2209000000,1.0888,0.0589,0.0194,-0.2242,0.1031
Czechia,2019,Czechia-2019,37202000,7967000000,6034000000,10671870,1933000000,1.1271,0.0433,0.0169,-0.2239,0.0709
Czechia,2020,Czechia-2020,34058800,3890000000,3495000000,10697858,395000000,0.9984,-0.158,-0.1434,-0.2237,-0.1082
Denmark,2015,Denmark-2015,28209000,6685000000,8918000000,5683483,-2233000000,0.7587,-0.02,0.1989,-0.2656,-0.4143
Denmark,2016,Denmark-2016,28692000,7494000000,9174000000,5728010,-1680000000,0.7785,0.0199,0.2151,-0.2652,-0.3499
Denmark,2017,Denmark-2017,30736000,8508000000,9804000000,5764980,-1296000000,0.8622,0.07,0.2549,-0.2649,-0.3052
Denmark,2018,Denmark-2018,30801000,9097000000,10485000000,5793636,-1388000000,0.8649,0.0991,0.2978,-0.2647,-0.3159
Dominica,2015,Dominica-2015,358000,202000000,34000000,70410,168000000,-0.3821,-0.3402,-0.3618,-0.3126,-0.1347
Dominica,2016,Dominica-2016,356000,198000000,33000000,69606,165000000,-0.3821,-0.3404,-0.3619,-0.3126,-0.135
Dominica,2017,Dominica-2017,230000,161000000,28000000,68496,133000000,-0.3873,-0.3422,-0.3622,-0.3126,-0.1388
Dominica,2018,Dominica-2018,199000,111000000,28000000,68174,83000000,-0.3886,-0.3447,-0.3622,-0.3126,-0.1446
Dominica,2019,Dominica-2019,322000,168000000,31000000,67880,137000000,-0.3835,-0.3418,-0.362,-0.3126,-0.1383
Dominica,2020,Dominica-2020,140000,168000000,9000000,67573,159000000,-0.391,-0.3418,-0.3634,-0.3126,-0.1357
Dominican Republic,2015,Dominican Republic-2015,6129000,6116000000,803000000,10434829,5313000000,-0.1457,-0.0481,-0.3133,-0.2259,0.4646
Dominican Republic,2016,Dominican Republic-2016,6769000,6720000000,882000000,10551430,5838000000,-0.1195,-0.0183,-0.3083,-0.2249,0.5258
Dominican Republic,2017,Dominican Republic-2017,7296000,7184000000,940000000,10666843,6244000000,-0.0979,0.0046,-0.3046,-0.2239,0.573
Dominican Republic,2018,Dominican Republic-2018,7551000,7561000000,1006000000,10782053,6555000000,-0.0874,0.0232,-0.3005,-0.223,0.6093
Dominican Republic,2019,Dominican Republic-2019,7550000,6895250000,1060000000,10894043,5835250000,-0.0875,-0.0096,-0.2971,-0.222,0.5254
Dominican Republic,2020,Dominican Republic-2020,2748000,6895250000,444000000,11008300,6451250000,-0.2842,-0.0096,-0.336,-0.2211,0.5972
Ecuador,2015,Ecuador-2015,1676000,1557000000,994000000,16266225,563000000,-0.3281,-0.2732,-0.3012,-0.1771,-0.0887
Ecuador,2016,Ecuador-2016,1569000,1729000000,1454000000,16505139,275000000,-0.3325,-0.2648,-0.2722,-0.1751,-0.1222
Ecuador,2017,Ecuador-2017,1806000,2018000000,1463000000,16759519,555000000,-0.3228,-0.2505,-0.2716,-0.173,-0.0896
Ecuador,2018,Ecuador-2018,2535000,2279000000,1523000000,17049547,756000000,-0.2929,-0.2376,-0.2678,-0.1706,-0.0662
Ecuador,2019,Ecuador-2019,2108000,2288000000,1650000000,17340021,638000000,-0.3104,-0.2372,-0.2598,-0.1681,-0.0799
Ecuador,2020,Ecuador-2020,1938800,705000000,533000000,17546065,172000000,-0.3173,-0.3153,-0.3303,-0.1664,-0.1342
"Egypt, Arab Rep.",2015,"Egypt, Arab Rep.-2015",9328000,6897000000,3636000000,99597342,3261000000,-0.0146,-0.0096,-0.1345,0.5199,0.2256
"Egypt, Arab Rep.",2016,"Egypt, Arab Rep.-2016",5399000,3306000000,4351000000,101644589,-1045000000,-0.1756,-0.1869,-0.0893,0.537,-0.276
"Egypt, Arab Rep.",2017,"Egypt, Arab Rep.-2017",8292000,8636000000,2419000000,103696057,6217000000,-0.0571,0.0763,-0.2113,0.5541,0.5699
"Egypt, Arab Rep.",2018,"Egypt, Arab Rep.-2018",11346000,12704000000,2897000000,105682094,9807000000,0.068,0.2772,-0.1811,0.5707,0.9881
"Egypt, Arab Rep.",2019,"Egypt, Arab Rep.-2019",13026000,14256000000,3718000000,107553158,10538000000,0.1368,0.3538,-0.1293,0.5864,1.0732
"Egypt, Arab Rep.",2020,"Egypt, Arab Rep.-2020",9478200,4874000000,2578000000,109315124,2296000000,-0.0085,-0.1095,-0.2013,0.6011,0.1132
El Salvador,2015,El Salvador-2015,1973000,1203000000,332000000,6183676,871000000,-0.3159,-0.2907,-0.343,-0.2614,-0.0528
El Salvador,2016,El Salvador-2016,2052000,1161000000,451000000,6200800,710000000,-0.3127,-0.2928,-0.3355,-0.2613,-0.0715
El Salvador,2017,El Salvador-2017,2247000,1227000000,466000000,6213533,761000000,-0.3047,-0.2895,-0.3346,-0.2612,-0.0656
El Salvador,2018,El Salvador-2018,2536000,1370000000,490000000,6219807,880000000,-0.2929,-0.2825,-0.3331,-0.2611,-0.0517
El Salvador,2019,El Salvador-2019,2639000,1664000000,504000000,6222318,1160000000,-0.2886,-0.268,-0.3322,-0.2611,-0.0191
El Salvador,2020,El Salvador-2020,707000,755000000,162000000,6234673,593000000,-0.3678,-0.3129,-0.3538,-0.261,-0.0852
Estonia,2015,Estonia-2015,5696000,1893000000,1169000000,1315407,724000000,-0.1634,-0.2567,-0.2902,-0.3022,-0.0699
Estonia,2016,Estonia-2016,5942000,1911000000,1299000000,1315790,612000000,-0.1533,-0.2558,-0.282,-0.3021,-0.083
Estonia,2017,Estonia-2017,6145000,2124000000,1395000000,1317384,729000000,-0.145,-0.2452,-0.2759,-0.3021,-0.0693
Estonia,2018,Estonia-2018,6033000,2326000000,1647000000,1321977,679000000,-0.1496,-0.2353,-0.26,-0.3021,-0.0752
Estonia,2019,Estonia-2019,6103000,2310000000,1808000000,1326898,502000000,-0.1467,-0.2361,-0.2499,-0.3021,-0.0958
Estonia,2020,Estonia-2020,1695000,865000000,676000000,1329522,189000000,-0.3273,-0.3074,-0.3213,-0.302,-0.1322
Eswatini,2015,Eswatini-2015,1256000,14199999.81,64000000,1142813,-49800000.19,-0.3453,-0.3494,-0.3599,-0.3036,-0.16
Eswatini,2016,Eswatini-2016,1279000,13199999.81,33000000,1149507,-19800000.19,-0.3443,-0.3495,-0.3619,-0.3035,-0.1565
Eswatini,2017,Eswatini-2017,1343000,13199999.81,74000000,1158195,-60800000.19,-0.3417,-0.3495,-0.3593,-0.3035,-0.1613
Eswatini,2018,Eswatini-2018,1277000,16399999.62,43000000,1168929,-26600000.38,-0.3444,-0.3493,-0.3613,-0.3034,-0.1573
Eswatini,2019,Eswatini-2019,1226000,14300000.19,33000000,1179874,-18699999.81,-0.3465,-0.3494,-0.3619,-0.3033,-0.1564
Eswatini,2020,Eswatini-2020,345299.99,7300000.19,36400001.53,1192729,-29100001.34,-0.3826,-0.3498,-0.3617,-0.3032,-0.1576
Ethiopia,2015,Ethiopia-2015,864000,2279000000,484140002.44,103867135,1794859997.56,-0.3613,-0.2376,-0.3334,0.5556,0.0548
Ethiopia,2016,Ethiopia-2016,871000,2138000000,461000000,106718162,1677000000,-0.3611,-0.2446,-0.3349,0.5794,0.0411
Ethiopia,2017,Ethiopia-2017,933000,2505000000,363500000,109666481,2141500000,-0.3585,-0.2264,-0.341,0.6041,0.0952
Ethiopia,2018,Ethiopia-2018,849000,3548000000,612700012.21,112664152,2935299987.79,-0.362,-0.1749,-0.3253,0.6291,0.1877
Ethiopia,2019,Ethiopia-2019,812000,3529000000,661000000,115737383,2868000000,-0.3635,-0.1759,-0.3223,0.6548,0.1798
Ethiopia,2020,Ethiopia-2020,518000,2282000000,322500000,118917671,1959500000,-0.3755,-0.2374,-0.3436,0.6814,0.074
Fiji,2015,Fiji-2015,869000,1094000000,115000000,918578,979000000,-0.3611,-0.2961,-0.3567,-0.3055,-0.0402
Fiji,2016,Fiji-2016,963000,1149000000,119000000,919166,1030000000,-0.3573,-0.2934,-0.3565,-0.3055,-0.0343
Fiji,2017,Fiji-2017,1027000,1243000000,138000000,918759,1105000000,-0.3547,-0.2888,-0.3553,-0.3055,-0.0255
Fiji,2018,Fiji-2018,1058000,1370000000,160000000,917180,1210000000,-0.3534,-0.2825,-0.3539,-0.3055,-0.0133
Fiji,2019,Fiji-2019,969000,1345000000,174000000,914899,1171000000,-0.357,-0.2837,-0.353,-0.3055,-0.0178
Fiji,2020,Fiji-2020,168000,236000000,77000000,914963,159000000,-0.3898,-0.3385,-0.3591,-0.3055,-0.1357
Finland,2015,Finland-2015,2622000,4011000000,5786000000,5479531,-1775000000,-0.2893,-0.1521,0.0012,-0.2673,-0.361
Finland,2016,Finland-2016,2789000,4017000000,6199000000,5495303,-2182000000,-0.2825,-0.1518,0.0273,-0.2672,-0.4084
Finland,2017,Finland-2017,3180000,5210000000,6740000000,5508214,-1530000000,-0.2665,-0.0929,0.0615,-0.2671,-0.3325
Finland,2018,Finland-2018,3224000,5762000000,7223000000,5515525,-1461000000,-0.2647,-0.0656,0.0919,-0.267,-0.3244
Finland,2019,Finland-2019,3290000,5944000000,6841000000,5521606,-897000000,-0.262,-0.0566,0.0678,-0.267,-0.2587
Finland,2020,Finland-2020,896000,1757000000,1940000000,5529543,-183000000,-0.36,-0.2634,-0.2415,-0.2669,-0.1756
France,2015,France-2015,203302000,66441000000,47713000000,66548272,18728000000,7.9307,2.9307,2.6477,0.2434,2.0272
France,2016,France-2016,203042000,63557000000,49029000000,66724104,14528000000,7.9201,2.7883,2.7308,0.2449,1.538
France,2017,France-2017,207274000,67717000000,53787000000,66918020,13930000000,8.0934,2.9937,3.0311,0.2465,1.4683
France,2018,France-2018,211998000,72518000000,59131000000,67158348,13387000000,8.2869,3.2308,3.3685,0.2485,1.4051
France,2019,France-2019,217877000,70776000000,59751000000,67382061,11025000000,8.5277,3.1448,3.4076,0.2504,1.1299
France,2020,France-2020,117109000,35958000000,31193000000,67601110,4765000000,4.4002,1.4255,1.605,0.2522,0.4008
"Gambia, The",2015,"Gambia, The-2015",449000,92000000,5400000.1,2224529,86599999.9,-0.3783,-0.3456,-0.3636,-0.2945,-0.1442
"Gambia, The",2016,"Gambia, The-2016",450000,88000000,7199999.81,2283769,80800000.19,-0.3783,-0.3458,-0.3635,-0.2941,-0.1448
"Gambia, The",2017,"Gambia, The-2017",522000,128000000,8500000,2342189,119500000,-0.3753,-0.3438,-0.3634,-0.2936,-0.1403
"Gambia, The",2018,"Gambia, The-2018",552000,174000000,10399999.62,2399632,163600000.38,-0.3741,-0.3415,-0.3633,-0.2931,-0.1352
"Gambia, The",2019,"Gambia, The-2019",620000,157000000,10000000,2456844,147000000,-0.3713,-0.3424,-0.3634,-0.2926,-0.1371
"Gambia, The",2020,"Gambia, The-2020",246000,53000000,5199999.81,2515733,47800000.19,-0.3867,-0.3475,-0.3637,-0.2921,-0.1487
Georgia,2015,Georgia-2015,5256000,2049000000,609000000,3725276,1440000000,-0.1814,-0.249,-0.3255,-0.282,0.0135
Georgia,2016,Georgia-2016,5393000,2315000000,706000000,3727505,1609000000,-0.1758,-0.2358,-0.3194,-0.282,0.0332
Georgia,2017,Georgia-2017,6483000,2971000000,853000000,3728004,2118000000,-0.1312,-0.2034,-0.3101,-0.282,0.0925
Georgia,2018,Georgia-2018,7203000,3518000000,960000000,3726549,2558000000,-0.1017,-0.1764,-0.3034,-0.282,0.1437
Georgia,2019,Georgia-2019,7726000,3551000000,1124000000,3720161,2427000000,-0.0803,-0.1748,-0.293,-0.282,0.1285
Georgia,2020,Georgia-2020,1513000,586000000,292000000,3722716,294000000,-0.3348,-0.3212,-0.3456,-0.282,-0.12
Germany,2015,Germany-2015,34970000,50669000000,85334000000,81686611,-34665000000,1.0357,2.1519,5.0224,0.3701,-4.192
Germany,2016,Germany-2016,35555000,52234000000,87412000000,82348669,-35178000000,1.0596,2.2292,5.1536,0.3756,-4.2517
Germany,2017,Germany-2017,37452000,55750000000,97163000000,82657002,-41413000000,1.1373,2.4028,5.7691,0.3782,-4.978
Germany,2018,Germany-2018,38881000,59446000000,103502000000,82905782,-44056000000,1.1959,2.5853,6.1692,0.3803,-5.2858
Germany,2019,Germany-2019,39563000,58372000000,101231000000,83092962,-42859000000,1.2238,2.5323,6.0259,0.3818,-5.1464
Ghana,2015,Ghana-2015,897000,911000000,1405000000,28696068,-494000000,-0.36,-0.3051,-0.2753,-0.0731,-0.2118
Ghana,2016,Ghana-2016,897000,952000000,1571000000,29356742,-619000000,-0.36,-0.3031,-0.2648,-0.0676,-0.2263
Ghana,2017,Ghana-2017,897000,919000000,1581000000,30008354,-662000000,-0.36,-0.3048,-0.2642,-0.0622,-0.2314
Ghana,2018,Ghana-2018,897000,996000000,1329000000,30637585,-333000000,-0.36,-0.301,-0.2801,-0.0569,-0.193
Ghana,2019,Ghana-2019,897000,1490000000,1380000000,31258945,110000000,-0.36,-0.2766,-0.2769,-0.0517,-0.1414
Ghana,2020,Ghana-2020,897000,191000000,946000000,31887809,-755000000,-0.36,-0.3407,-0.3043,-0.0465,-0.2422
Greece,2015,Greece-2015,26114000,17547000000,3535000000,10820883,14012000000,0.6729,0.5163,-0.1408,-0.2227,1.4779
Greece,2016,Greece-2016,28071000,16811000000,3412000000,10775971,13399000000,0.7531,0.48,-0.1486,-0.223,1.4065
Greece,2017,Greece-2017,30161000,19139000000,3306000000,10754679,15833000000,0.8387,0.5949,-0.1553,-0.2232,1.69
Greece,2018,Greece-2018,33072000,21594000000,3910000000,10732882,17684000000,0.9579,0.7162,-0.1172,-0.2234,1.9056
Greece,2019,Greece-2019,34005000,23003000000,4211000000,10721582,18792000000,0.9961,0.7857,-0.0982,-0.2235,2.0346
Greece,2020,Greece-2020,7406000,6193000000,1500000000,10698599,4693000000,-0.0934,-0.0443,-0.2693,-0.2237,0.3924
Grenada,2015,Grenada-2015,437000,422000000,40000000,114676,382000000,-0.3788,-0.3293,-0.3615,-0.3122,-0.1097
Grenada,2016,Grenada-2016,474000,437000000,40000000,115130,397000000,-0.3773,-0.3286,-0.3615,-0.3122,-0.108
Grenada,2017,Grenada-2017,468000,482000000,38000000,115438,444000000,-0.3776,-0.3263,-0.3616,-0.3122,-0.1025
Grenada,2018,Grenada-2018,529000,548000000,42000000,115691,506000000,-0.3751,-0.3231,-0.3613,-0.3122,-0.0953
Grenada,2019,Grenada-2019,526000,472250000,48000000,115981,424250000,-0.3752,-0.3268,-0.361,-0.3122,-0.1048
Grenada,2020,Grenada-2020,217000,472250000,12000000,116341,460250000,-0.3878,-0.3268,-0.3632,-0.3122,-0.1006
Guatemala,2015,Guatemala-2015,1865000,1169500000,1020000000,15971743,149500000,-0.3203,-0.2924,-0.2996,-0.1796,-0.1368
Guatemala,2016,Guatemala-2016,1906000,1202699951.17,1032000000,16268760,170699951.17,-0.3187,-0.2907,-0.2988,-0.1771,-0.1344
Guatemala,2017,Guatemala-2017,2120000,1217599975.59,1066000000,16567357,151599975.59,-0.3099,-0.29,-0.2967,-0.1746,-0.1366
Guatemala,2018,Guatemala-2018,2406000,1235099975.59,1105000000,16845685,130099975.59,-0.2982,-0.2891,-0.2942,-0.1723,-0.1391
Guatemala,2019,Guatemala-2019,2560000,1227199951.17,1128000000,17103803,99199951.17,-0.2919,-0.2895,-0.2928,-0.1701,-0.1427
Guatemala,2020,Guatemala-2020,594000,298500000,346000000,17357325,-47500000,-0.3724,-0.3354,-0.3421,-0.168,-0.1598
Guinea,2015,Guinea-2015,35000,27000000,38000000,11767070,-11000000,-0.3953,-0.3488,-0.3616,-0.2147,-0.1555
Guinea,2016,Guinea-2016,63000,16600000.38,16299999.24,12073030,300001.14,-0.3941,-0.3493,-0.363,-0.2122,-0.1542
Guinea,2017,Guinea-2017,99000,16600000.38,102400001.53,12385659,-85800001.15,-0.3927,-0.3493,-0.3575,-0.2096,-0.1642
Guinea,2018,Guinea-2018,65666.67,4699999.81,411700012.21,12704774,-407000012.4,-0.394,-0.3499,-0.338,-0.2069,-0.2016
Guinea,2019,Guinea-2019,65666.67,10399999.62,419500000,13034346,-409100000.38,-0.394,-0.3496,-0.3375,-0.2041,-0.2019
Guinea,2020,Guinea-2020,65666.67,1289999.96,1075099975.59,13371183,-1073809975.63,-0.394,-0.3501,-0.2961,-0.2013,-0.2793
Guinea-Bissau,2017,Guinea-Bissau-2017,49500,16440000.53,81750000,1877072,-65309999.47,-0.3947,-0.3493,-0.3588,-0.2975,-0.1618
Guinea-Bissau,2018,Guinea-Bissau-2018,55000,20000000,74599998.47,1922168,-54599998.47,-0.3945,-0.3491,-0.3593,-0.2971,-0.1606
Guinea-Bissau,2019,Guinea-Bissau-2019,52400,18920000.08,88900001.53,1967696,-69980001.45,-0.3946,-0.3492,-0.3584,-0.2967,-0.1624
Haiti,2015,Haiti-2015,1190000,609000000,503000000,10523242,106000000,-0.348,-0.3201,-0.3322,-0.2251,-0.1419
Haiti,2016,Haiti-2016,1153000,511000000,503000000,10671457,8000000,-0.3495,-0.3249,-0.3322,-0.2239,-0.1533
Haiti,2017,Haiti-2017,1262000,460000000,485000000,10817754,-25000000,-0.345,-0.3274,-0.3334,-0.2227,-0.1572
Haiti,2018,Haiti-2018,1333000,620000000,599000000,10962362,21000000,-0.3421,-0.3195,-0.3262,-0.2215,-0.1518
Haiti,2019,Haiti-2019,938000,550000000,554000000,11105163,-4000000,-0.3583,-0.323,-0.329,-0.2203,-0.1547
Honduras,2015,Honduras-2015,2093000,671000000,454000000,9237305,217000000,-0.311,-0.317,-0.3353,-0.2359,-0.129
Honduras,2016,Honduras-2016,2228000,585000000,482000000,9412380,103000000,-0.3055,-0.3212,-0.3336,-0.2344,-0.1422
Honduras,2017,Honduras-2017,2144000,610000000,517000000,9588137,93000000,-0.3089,-0.32,-0.3313,-0.233,-0.1434
Honduras,2018,Honduras-2018,2323000,601000000,558000000,9765210,43000000,-0.3016,-0.3205,-0.3288,-0.2315,-0.1492
Honduras,2019,Honduras-2019,2315000,556000000,655000000,9943633,-99000000,-0.3019,-0.3227,-0.3226,-0.23,-0.1658
Honduras,2020,Honduras-2020,669000,189000000,230000000,10119640,-41000000,-0.3693,-0.3408,-0.3495,-0.2285,-0.159
Hungary,2015,Hungary-2015,48345000,6929000000,2456000000,9843028,4473000000,1.5835,-0.008,-0.209,-0.2308,0.3668
Hungary,2016,Hungary-2016,52890000,7481000000,2738000000,9814023,4743000000,1.7697,0.0193,-0.1912,-0.2311,0.3982
Hungary,2017,Hungary-2017,54962000,8448000000,3049000000,9787966,5399000000,1.8546,0.067,-0.1715,-0.2313,0.4746
Hungary,2018,Hungary-2018,57667000,9618000000,3239000000,9775564,6379000000,1.9654,0.1248,-0.1595,-0.2314,0.5888
Hungary,2019,Hungary-2019,61397000,10225000000,3352000000,9771141,6873000000,2.1181,0.1548,-0.1524,-0.2314,0.6463
Hungary,2020,Hungary-2020,31641000,4224000000,1334000000,9750149,2890000000,0.8993,-0.1416,-0.2798,-0.2316,0.1824
India,2015,India-2015,13284000,21472000000,17686000000,1328024498,3786000000,0.1474,0.7101,0.7524,10.7941,0.2867
India,2016,India-2016,14570000,23111000000,19184000000,1343944296,3927000000,0.2001,0.7911,0.8469,10.9273,0.3032
India,2017,India-2017,15543000,27878000000,21856000000,1359657400,6022000000,0.2399,1.0265,1.0156,11.0587,0.5472
India,2018,India-2018,17423000,29143000000,25790000000,1374659064,3353000000,0.3169,1.0889,1.2639,11.1842,0.2363
India,2019,India-2019,17914000,31661000000,28595000000,1389030312,3066000000,0.337,1.2133,1.441,11.3044,0.2029
India,2020,India-2020,15746800,13413000000,15777000000,1402617695,-2364000000,0.2483,0.3122,0.6319,11.418,-0.4296
Indonesia,2015,Indonesia-2015,10407000,12054000000,9800000000,261799249,2254000000,0.0296,0.2451,0.2546,1.8765,0.1083
Indonesia,2016,Indonesia-2016,11519000,12566000000,9932000000,264627418,2634000000,0.0751,0.2704,0.2629,1.9001,0.1526
Indonesia,2017,Indonesia-2017,14040000,14691000000,10945000000,267346658,3746000000,0.1784,0.3753,0.3269,1.9229,0.2821
Indonesia,2018,Indonesia-2018,15810000,17915000000,13171000000,269951846,4744000000,0.2509,0.5345,0.4674,1.9447,0.3983
Indonesia,2019,Indonesia-2019,16107000,18405000000,14449000000,272489381,3956000000,0.263,0.5587,0.5481,1.9659,0.3065
Indonesia,2020,Indonesia-2020,4053000,3533000000,1980000000,274814866,1553000000,-0.2307,-0.1757,-0.239,1.9853,0.0266
"Iran, Islamic Rep.",2015,"Iran, Islamic Rep.-2015",5237000,4771000000,9658000000,82619362,-4887000000,-0.1822,-0.1145,0.2456,0.3779,-0.7235
"Iran, Islamic Rep.",2016,"Iran, Islamic Rep.-2016",4942000,4634000000,11142000000,83812228,-6508000000,-0.1943,-0.1213,0.3393,0.3878,-0.9123
"Iran, Islamic Rep.",2017,"Iran, Islamic Rep.-2017",4867000,4531000000,12568000000,85026754,-8037000000,-0.1974,-0.1264,0.4293,0.398,-1.0904
"Iran, Islamic Rep.",2018,"Iran, Islamic Rep.-2018",7295000,5252000000,9271000000,86117998,-4019000000,-0.0979,-0.0908,0.2212,0.4071,-0.6224
Iraq,2015,Iraq-2015,0,2833000000,7934000000,37560535,-5101000000,-0.3967,-0.2102,0.1368,0.001,-0.7484
Iraq,2016,Iraq-2016,0,3120000000,7647000000,38469627,-4527000000,-0.3967,-0.1961,0.1187,0.0086,-0.6815
Iraq,2017,Iraq-2017,0,2959000000,8093000000,39337353,-5134000000,-0.3967,-0.204,0.1469,0.0159,-0.7522
Iraq,2018,Iraq-2018,0,1986000000,7855000000,40265624,-5869000000,-0.3967,-0.2521,0.1318,0.0236,-0.8379
Iraq,2019,Iraq-2019,0,3593000000,10925000000,41192171,-7332000000,-0.3967,-0.1727,0.3256,0.0314,-1.0083
Iraq,2020,Iraq-2020,0,955000000,4172000000,42116605,-3217000000,-0.3967,-0.303,-0.1006,0.0391,-0.529
Ireland,2015,Ireland-2015,9528000,11476000000,5704000000,4701957,5772000000,-0.0065,0.2165,-0.0039,-0.2738,0.5181
Ireland,2016,Ireland-2016,10100000,12649000000,6234000000,4755335,6415000000,0.017,0.2745,0.0295,-0.2734,0.593
Ireland,2017,Ireland-2017,10338000,14294000000,6616000000,4807388,7678000000,0.0267,0.3557,0.0536,-0.2729,0.7401
Ireland,2018,Ireland-2018,10926000,15276000000,7541000000,4867316,7735000000,0.0508,0.4042,0.112,-0.2724,0.7467
Ireland,2019,Ireland-2019,10951000,14808000000,8156000000,4934340,6652000000,0.0518,0.3811,0.1508,-0.2719,0.6206
Ireland,2020,Ireland-2020,10368600,4160000000,2334000000,4985382,1826000000,0.028,-0.1447,-0.2167,-0.2715,0.0584
Israel,2015,Israel-2015,3109000,6605000000,7506000000,8380100,-901000000,-0.2694,-0.024,0.1098,-0.2431,-0.2592
Israel,2016,Israel-2016,3070000,6616000000,8210000000,8546000,-1594000000,-0.271,-0.0234,0.1542,-0.2417,-0.3399
Israel,2017,Israel-2017,3863000,7602000000,8985000000,8713300,-1383000000,-0.2385,0.0253,0.2032,-0.2403,-0.3153
Israel,2018,Israel-2018,4389000,8048000000,9975000000,8882800,-1927000000,-0.217,0.0473,0.2657,-0.2389,-0.3787
Israel,2019,Israel-2019,4905000,8459000000,10389000000,9054000,-1930000000,-0.1958,0.0676,0.2918,-0.2374,-0.379
Israel,2020,Israel-2020,3867200,2661000000,2175000000,9215100,486000000,-0.2383,-0.2187,-0.2267,-0.2361,-0.0976
Italy,2015,Italy-2015,81068000,41415000000,30312000000,60730582,11103000000,2.9239,1.6949,1.5494,0.1948,1.139
Italy,2016,Italy-2016,84925000,42423000000,30584000000,60627498,11839000000,3.0819,1.7447,1.5665,0.1939,1.2247
Italy,2017,Italy-2017,89931000,46719000000,34819000000,60536709,11900000000,3.2869,1.9568,1.8338,0.1932,1.2319
Italy,2018,Italy-2018,93228601.56,51602000000,37644000000,60421760,13958000000,3.422,2.198,2.0122,0.1922,1.4716
Italy,2019,Italy-2019,95399000,51910000000,37908000000,59729081,14002000000,3.5109,2.2132,2.0288,0.1864,1.4767
Italy,2020,Italy-2020,38419000,20459000000,12965000000,59438851,7494000000,1.1769,0.6601,0.4544,0.184,0.7186
Jamaica,2015,Jamaica-2015,3692000,0,413000000,2802534,-413000000,-0.2455,-0.3501,-0.3379,-0.2897,-0.2023
Jamaica,2016,Jamaica-2016,3837000,0,413000000,2809915,-413000000,-0.2396,-0.3501,-0.3379,-0.2897,-0.2023
Jamaica,2017,Jamaica-2017,4276000,0,455000000,2815764,-455000000,-0.2216,-0.3501,-0.3353,-0.2896,-0.2072
Jamaica,2018,Jamaica-2018,4319000,0,505000000,2820097,-505000000,-0.2198,-0.3501,-0.3321,-0.2896,-0.2131
Jamaica,2019,Jamaica-2019,4233000,0,508000000,2823271,-508000000,-0.2233,-0.3501,-0.3319,-0.2895,-0.2134
Jamaica,2020,Jamaica-2020,1329699.95,0,291000000,2830739,-291000000,-0.3423,-0.3501,-0.3456,-0.2895,-0.1881
Japan,2015,Japan-2015,19737000,27285000000,23252000000,127141000,4033000000,0.4117,0.9972,1.1037,0.7502,0.3155
Japan,2016,Japan-2016,24039000,33456000000,25968000000,127076000,7488000000,0.5879,1.3019,1.2752,0.7497,0.7179
Japan,2017,Japan-2017,28691000,36978000000,25774000000,126972000,11204000000,0.7785,1.4758,1.2629,0.7488,1.1508
Japan,2018,Japan-2018,31191000,45276000000,28097000000,126811000,17179000000,0.8809,1.8856,1.4095,0.7475,1.8467
Japan,2019,Japan-2019,31881000,49209000000,29146000000,126633000,20063000000,0.9091,2.0798,1.4758,0.746,2.1827
Japan,2020,Japan-2020,4115799.8,11395000000,6741000000,126261000,4654000000,-0.2281,0.2125,0.0615,0.7429,0.3878
Jordan,2015,Jordan-2015,4809000,4968000000,1267000000,9544729,3701000000,-0.1997,-0.1048,-0.284,-0.2333,0.2768
Jordan,2016,Jordan-2016,4236000,4943000000,1367000000,10006367,3576000000,-0.2232,-0.106,-0.2777,-0.2295,0.2623
Jordan,2017,Jordan-2017,4565000,5549000000,1496000000,10234226,4053000000,-0.2097,-0.0761,-0.2696,-0.2276,0.3178
Jordan,2018,Jordan-2018,4922000,6221000000,1493000000,10462306,4728000000,-0.1951,-0.0429,-0.2697,-0.2257,0.3965
Jordan,2019,Jordan-2019,5361000,6765000000,1569000000,10671891,5196000000,-0.1771,-0.0161,-0.2649,-0.2239,0.451
Jordan,2020,Jordan-2020,1240000,1745000000,408000000,10865228,1337000000,-0.3459,-0.264,-0.3382,-0.2223,0.0015
Kazakhstan,2015,Kazakhstan-2015,6430000,1833000000,3046000000,18084169,-1213000000,-0.1334,-0.2596,-0.1717,-0.1619,-0.2955
Kazakhstan,2016,Kazakhstan-2016,6509000,2038000000,2580000000,18363600,-542000000,-0.1301,-0.2495,-0.2011,-0.1596,-0.2174
Kazakhstan,2017,Kazakhstan-2017,7701000,2356000000,2695000000,18651931,-339000000,-0.0813,-0.2338,-0.1939,-0.1572,-0.1937
Kazakhstan,2018,Kazakhstan-2018,8789000,2651000000,2852000000,18932727,-201000000,-0.0367,-0.2192,-0.184,-0.1548,-0.1777
Kazakhstan,2019,Kazakhstan-2019,8515000,2922000000,2955000000,19209555,-33000000,-0.0479,-0.2058,-0.1775,-0.1525,-0.1581
Kazakhstan,2020,Kazakhstan-2020,2035000,589000000,861000000,19482117,-272000000,-0.3134,-0.321,-0.3096,-0.1502,-0.1859
Kenya,2015,Kenya-2015,1181000,1596000000,0,47088526,1596000000,-0.3484,-0.2713,-0.364,0.0807,0.0317
Kenya,2016,Kenya-2016,1340000,1472000000,0,48139687,1472000000,-0.3418,-0.2774,-0.364,0.0895,0.0172
Kenya,2017,Kenya-2017,1449000,1564000000,0,49197766,1564000000,-0.3374,-0.2729,-0.364,0.0983,0.0279
Kenya,2018,Kenya-2018,2025000,1784000000,0,50207107,1784000000,-0.3138,-0.262,-0.364,0.1068,0.0536
Kenya,2019,Kenya-2019,2049000,1762000000,0,51202827,1762000000,-0.3128,-0.2631,-0.364,0.1151,0.051
"Korea, Rep.",2015,"Korea, Rep.-2015",13232000,18711000000,27957000000,51014947,-9246000000,0.1453,0.5738,1.4007,0.1135,-1.2312
"Korea, Rep.",2016,"Korea, Rep.-2016",17242000,20924000000,29817000000,51217803,-8893000000,0.3095,0.6831,1.5181,0.1152,-1.1901
"Korea, Rep.",2017,"Korea, Rep.-2017",13336000,17173000000,34453000000,51361911,-17280000000,0.1495,0.4979,1.8107,0.1164,-2.167
"Korea, Rep.",2018,"Korea, Rep.-2018",15347000,23104000000,38022000000,51585058,-14918000000,0.2319,0.7907,2.036,0.1183,-1.8919
"Korea, Rep.",2019,"Korea, Rep.-2019",17503000,25456000000,35339000000,51764822,-9883000000,0.3202,0.9069,1.8667,0.1198,-1.3054
"Korea, Rep.",2020,"Korea, Rep.-2020",2519000,11776000000,16705000000,51836239,-4929000000,-0.2935,0.2314,0.6905,0.1204,-0.7284
Kuwait,2015,Kuwait-2015,6941000,931000000,13148000000,3834574,-12217000000,-0.1124,-0.3042,0.4659,-0.2811,-1.5773
Kuwait,2016,Kuwait-2016,7055000,831000000,13232000000,4004096,-12401000000,-0.1077,-0.3091,0.4712,-0.2797,-1.5987
Kuwait,2017,Kuwait-2017,7407000,643000000,13722000000,4154812,-13079000000,-0.0933,-0.3184,0.5022,-0.2784,-1.6777
Kuwait,2018,Kuwait-2018,8508000,919000000,14318000000,4323515,-13399000000,-0.0482,-0.3048,0.5398,-0.277,-1.7149
Kuwait,2019,Kuwait-2019,8565000,1198000000,15839000000,4442316,-14641000000,-0.0459,-0.291,0.6358,-0.276,-1.8596
Kuwait,2020,Kuwait-2020,2161000,524000000,6696000000,4400267,-6172000000,-0.3082,-0.3243,0.0587,-0.2764,-0.8731
Kyrgyz Republic,2015,Kyrgyz Republic-2015,4000000,482000000,535000000,6040035.5,-53000000,-0.2329,-0.3263,-0.3302,-0.2626,-0.1604
Kyrgyz Republic,2016,Kyrgyz Republic-2016,3853000,477000000,582000000,6175337.5,-105000000,-0.2389,-0.3266,-0.3272,-0.2615,-0.1665
Kyrgyz Republic,2017,Kyrgyz Republic-2017,4568000,480000000,422000000,6306695.5,58000000,-0.2096,-0.3264,-0.3373,-0.2604,-0.1475
Kyrgyz Republic,2018,Kyrgyz Republic-2018,6947000,518000000,451000000,6444078.5,67000000,-0.1122,-0.3246,-0.3355,-0.2593,-0.1464
Kyrgyz Republic,2019,Kyrgyz Republic-2019,8508000,708000000,519000000,6590211,189000000,-0.0482,-0.3152,-0.3312,-0.258,-0.1322
Kyrgyz Republic,2020,Kyrgyz Republic-2020,5575200,195000000,185000000,6726595.5,10000000,-0.1684,-0.3405,-0.3523,-0.2569,-0.1531
Lao Pdr,2015,Lao Pdr-2015,4684000,725000000,1002000000,6801645,-277000000,-0.2049,-0.3143,-0.3007,-0.2563,-0.1865
Lao Pdr,2016,Lao Pdr-2016,4239000,717000000,912099975.59,6908802,-195099975.59,-0.2231,-0.3147,-0.3064,-0.2554,-0.177
Lao Pdr,2017,Lao Pdr-2017,3869000,655000000,930000000,7018147,-275000000,-0.2383,-0.3178,-0.3053,-0.2545,-0.1863
Lao Pdr,2018,Lao Pdr-2018,4186000,833000000,1005000000,7128045,-172000000,-0.2253,-0.309,-0.3005,-0.2535,-0.1743
Lao Pdr,2019,Lao Pdr-2019,4791000,974000000,1029000000,7237636,-55000000,-0.2005,-0.302,-0.299,-0.2526,-0.1606
Lao Pdr,2020,Lao Pdr-2020,886400.02,227000000,260000000,7346533,-33000000,-0.3604,-0.3389,-0.3476,-0.2517,-0.1581
Lebanon,2015,Lebanon-2015,1518000,7087000000,5187000000,6472469,1900000000,-0.3346,-0.0002,-0.0366,-0.259,0.0671
Lebanon,2016,Lebanon-2016,1688000,7373000000,5252000000,6323060,2121000000,-0.3276,0.0139,-0.0325,-0.2603,0.0928
Lebanon,2017,Lebanon-2017,1857000,8086000000,5704000000,6160128,2382000000,-0.3207,0.0492,-0.0039,-0.2616,0.1232
Lebanon,2018,Lebanon-2018,1964000,8694000000,6395000000,5984119,2299000000,-0.3163,0.0792,0.0397,-0.2631,0.1135
Lebanon,2019,Lebanon-2019,1936000,8717000000,6495000000,5794594,2222000000,-0.3174,0.0803,0.046,-0.2647,0.1046
Lebanon,2020,Lebanon-2020,1792600,2369000000,1699000000,5702398,670000000,-0.3233,-0.2332,-0.2567,-0.2655,-0.0762
Lesotho,2015,Lesotho-2015,1082000,0,180000000,2104611,-180000000,-0.3524,-0.3501,-0.3526,-0.2956,-0.1752
Lesotho,2016,Lesotho-2016,1196000,0,262000000,2130422,-262000000,-0.3477,-0.3501,-0.3474,-0.2953,-0.1848
Lesotho,2017,Lesotho-2017,1137000,0,307000000,2157110,-307000000,-0.3502,-0.3501,-0.3446,-0.2951,-0.19
Lesotho,2018,Lesotho-2018,1173000,0,347000000,2183603,-347000000,-0.3487,-0.3501,-0.3421,-0.2949,-0.1947
Lesotho,2019,Lesotho-2019,1142000,0,323000000,2209405,-323000000,-0.35,-0.3501,-0.3436,-0.2947,-0.1919
Luxembourg,2015,Luxembourg-2015,1090000,6182000000,2333000000,569604,3849000000,-0.3521,-0.0449,-0.2167,-0.3084,0.2941
Luxembourg,2016,Luxembourg-2016,1054000,5606000000,2048000000,582014,3558000000,-0.3536,-0.0733,-0.2347,-0.3083,0.2602
Luxembourg,2017,Luxembourg-2017,1046000,5472000000,2607000000,596336,2865000000,-0.3539,-0.0799,-0.1994,-0.3082,0.1795
Luxembourg,2018,Luxembourg-2018,1018000,5642000000,2872000000,607950,2770000000,-0.355,-0.0715,-0.1827,-0.3081,0.1684
Luxembourg,2019,Luxembourg-2019,1041000,5645000000,3288000000,620001,2357000000,-0.3541,-0.0714,-0.1564,-0.308,0.1203
Luxembourg,2020,Luxembourg-2020,525000,4454000000,2458000000,630419,1996000000,-0.3752,-0.1302,-0.2088,-0.3079,0.0782
Madagascar,2015,Madagascar-2015,282000,696000000,240000000,25426702,456000000,-0.3852,-0.3158,-0.3488,-0.1005,-0.1011
Madagascar,2016,Madagascar-2016,333000,912000000,300000000,26099952,612000000,-0.3831,-0.3051,-0.345,-0.0949,-0.083
Madagascar,2017,Madagascar-2017,285000,849000000,319000000,26788375,530000000,-0.3851,-0.3082,-0.3438,-0.0891,-0.0925
Madagascar,2018,Madagascar-2018,360000,879000000,309000000,27494926,570000000,-0.382,-0.3067,-0.3445,-0.0832,-0.0878
Madagascar,2019,Madagascar-2019,486000,951000000,319000000,28219554,632000000,-0.3768,-0.3032,-0.3438,-0.0771,-0.0806
Madagascar,2020,Madagascar-2020,87100,202000000,97000000,28953556,105000000,-0.3932,-0.3402,-0.3579,-0.071,-0.142
Malawi,2015,Malawi-2015,805000,39000000,121000000,17085587,-82000000,-0.3638,-0.3482,-0.3563,-0.1703,-0.1638
Malawi,2016,Malawi-2016,849000,30000000,100000000,17557739,-70000000,-0.362,-0.3487,-0.3577,-0.1663,-0.1624
Malawi,2017,Malawi-2017,837000,35000000,120000000,18039715,-85000000,-0.3624,-0.3484,-0.3564,-0.1623,-0.1641
Malawi,2018,Malawi-2018,871000,55000000,174000000,18528081,-119000000,-0.3611,-0.3474,-0.353,-0.1582,-0.1681
Malawi,2019,Malawi-2019,840500,62000000,195000000,19025752,-133000000,-0.3623,-0.3471,-0.3517,-0.154,-0.1697
Malawi,2020,Malawi-2020,840500,35000000,119000000,19533888,-84000000,-0.3623,-0.3484,-0.3565,-0.1498,-0.164
Malaysia,2015,Malaysia-2015,25721000,19194000000,11599000000,31232798,7595000000,0.6568,0.5977,0.3682,-0.0519,0.7304
Malaysia,2016,Malaysia-2016,26757000,19682000000,11339000000,31789685,8343000000,0.6993,0.6218,0.3518,-0.0473,0.8175
Malaysia,2017,Malaysia-2017,25948000,20311000000,12145000000,32355644,8166000000,0.6661,0.6528,0.4026,-0.0425,0.7969
Malaysia,2018,Malaysia-2018,25832000,21775000000,13207000000,32910967,8568000000,0.6614,0.7251,0.4697,-0.0379,0.8437
Malaysia,2019,Malaysia-2019,26101000,22200000000,13694000000,33440596,8506000000,0.6724,0.7461,0.5004,-0.0335,0.8365
Malaysia,2020,Malaysia-2020,4333000,3386000000,5206000000,33889558,-1820000000,-0.2192,-0.1829,-0.0354,-0.0297,-0.3662
Maldives,2015,Maldives-2015,1234000,2691000000,309000000,428154,2382000000,-0.3462,-0.2173,-0.3445,-0.3096,0.1232
Maldives,2016,Maldives-2016,1286000,2640000000,347000000,443308,2293000000,-0.3441,-0.2198,-0.3421,-0.3094,0.1128
Maldives,2017,Maldives-2017,1390000,2771000000,369000000,458287,2402000000,-0.3398,-0.2133,-0.3407,-0.3093,0.1255
Maldives,2018,Maldives-2018,1484000,3054000000,414000000,473099,2640000000,-0.3359,-0.1993,-0.3379,-0.3092,0.1533
Maldives,2019,Maldives-2019,1703000,3171000000,431000000,487731,2740000000,-0.327,-0.1935,-0.3368,-0.3091,0.1649
Maldives,2020,Maldives-2020,555000,1409000000,106000000,502118,1303000000,-0.374,-0.2806,-0.3573,-0.309,-0.0025
Mali,2015,Mali-2015,159000,186000000,207000000,18593022,-21000000,-0.3902,-0.3409,-0.3509,-0.1576,-0.1567
Mali,2016,Mali-2016,173000,201600006.1,213000000,19191289,-11399993.9,-0.3896,-0.3402,-0.3505,-0.1526,-0.1556
Mali,2017,Mali-2017,193000,206399993.9,220000000,19813011,-13600006.1,-0.3888,-0.3399,-0.3501,-0.1474,-0.1558
Mali,2018,Mali-2018,203000,231000000,255000000,20442030,-24000000,-0.3884,-0.3387,-0.3479,-0.1422,-0.157
Marshall Islands,2015,Marshall Islands-2015,6300,1500000,26200000.76,48800,-24700000.76,-0.3965,-0.3501,-0.3623,-0.3127,-0.1571
Marshall Islands,2016,Marshall Islands-2016,5400,30399999.62,27000000,47709,3399999.62,-0.3965,-0.3486,-0.3623,-0.3128,-0.1538
Marshall Islands,2017,Marshall Islands-2017,6000,18100000.38,27600000.38,46529,-9500000,-0.3965,-0.3492,-0.3622,-0.3128,-0.1553
Marshall Islands,2018,Marshall Islands-2018,6800,20100000.38,31399999.62,45285,-11299999.24,-0.3965,-0.3491,-0.362,-0.3128,-0.1556
Mauritania,2015,Mauritania-2015,0,31000000,73000000,3965959,-42000000,-0.3967,-0.3486,-0.3594,-0.28,-0.1591
Mauritania,2016,Mauritania-2016,0,33000000,74000000,4086657,-41000000,-0.3967,-0.3485,-0.3593,-0.279,-0.159
Mauritania,2017,Mauritania-2017,0,24000000,61000000,4210600,-37000000,-0.3967,-0.3489,-0.3601,-0.2779,-0.1586
Mauritania,2018,Mauritania-2018,0,6000000,38000000,4337685,-32000000,-0.3967,-0.3498,-0.3616,-0.2769,-0.158
Mauritania,2019,Mauritania-2019,0,13699999.81,56000000,4467708,-42300000.19,-0.3967,-0.3495,-0.3604,-0.2758,-0.1592
Mauritania,2020,Mauritania-2020,0,6400000.1,35000000,4600131,-28599999.9,-0.3967,-0.3498,-0.3618,-0.2747,-0.1576
Mauritius,2015,Mauritius-2015,1174000,1680000000,616000000,1262879,1064000000,-0.3486,-0.2672,-0.3251,-0.3026,-0.0303
Mauritius,2016,Mauritius-2016,1307000,1824000000,683000000,1263747,1141000000,-0.3432,-0.2601,-0.3209,-0.3026,-0.0213
Mauritius,2017,Mauritius-2017,1371000,2005000000,738000000,1264887,1267000000,-0.3406,-0.2511,-0.3174,-0.3026,-0.0067
Mauritius,2018,Mauritius-2018,1431000,2161000000,663000000,1265577,1498000000,-0.3381,-0.2434,-0.3221,-0.3026,0.0202
Mauritius,2019,Mauritius-2019,1418000,2024000000,656000000,1265985,1368000000,-0.3386,-0.2502,-0.3226,-0.3026,0.0051
Mauritius,2020,Mauritius-2020,316000,518000000,224000000,1266014,294000000,-0.3838,-0.3246,-0.3498,-0.3026,-0.12
Mexico,2015,Mexico-2015,87129000,18729000000,12668000000,121072306,6061000000,3.1722,0.5747,0.4356,0.6995,0.5517
Mexico,2016,Mexico-2016,94853000,20619000000,12823000000,122251351,7796000000,3.4885,0.668,0.4454,0.7093,0.7538
Mexico,2017,Mexico-2017,99349000,22467000000,13647000000,123400057,8820000000,3.6727,0.7593,0.4974,0.7189,0.8731
Mexico,2018,Mexico-2018,96497000,23802000000,14074000000,124573711,9728000000,3.5559,0.8252,0.5244,0.7288,0.9789
Mexico,2019,Mexico-2019,97406000,25847000000,12300000000,125762982,13547000000,3.5931,0.9262,0.4124,0.7387,1.4237
Mexico,2020,Mexico-2020,51128000,11449000000,4286000000,126799054,7163000000,1.6975,0.2152,-0.0934,0.7474,0.6801
Moldova,2015,Moldova-2015,94400,300000000,370000000,2835978,-70000000,-0.3929,-0.3353,-0.3406,-0.2894,-0.1624
Moldova,2016,Moldova-2016,121000,344000000,334000000,2803186,10000000,-0.3918,-0.3331,-0.3429,-0.2897,-0.1531
Moldova,2017,Moldova-2017,145000,442000000,380000000,2755189,62000000,-0.3908,-0.3283,-0.34,-0.2901,-0.147
Moldova,2018,Moldova-2018,160000,500000000,438000000,2707203,62000000,-0.3902,-0.3254,-0.3363,-0.2905,-0.147
Moldova,2019,Moldova-2019,174000,527000000,479000000,2664224,48000000,-0.3896,-0.3241,-0.3337,-0.2909,-0.1487
Moldova,2020,Moldova-2020,29000,354000000,303000000,2635130,51000000,-0.3955,-0.3327,-0.3449,-0.2911,-0.1483
Mongolia,2015,Mongolia-2015,467000,279000000,473000000,3026864,-194000000,-0.3776,-0.3364,-0.3341,-0.2878,-0.1768
Mongolia,2016,Mongolia-2016,471000,379000000,536000000,3088856,-157000000,-0.3774,-0.3314,-0.3302,-0.2873,-0.1725
Mongolia,2017,Mongolia-2017,543000,462000000,618000000,3148917,-156000000,-0.3745,-0.3273,-0.325,-0.2868,-0.1724
Mongolia,2018,Mongolia-2018,598000,526000000,822000000,3208189,-296000000,-0.3722,-0.3242,-0.3121,-0.2863,-0.1887
Mongolia,2019,Mongolia-2019,637000,605000000,1036000000,3267673,-431000000,-0.3706,-0.3203,-0.2986,-0.2858,-0.2044
Mongolia,2020,Mongolia-2020,66900,49000000,573000000,3327204,-524000000,-0.394,-0.3477,-0.3278,-0.2853,-0.2153
Montenegro,2015,Montenegro-2015,1560000,947000000,69000000,622159,878000000,-0.3328,-0.3034,-0.3596,-0.308,-0.052
Montenegro,2016,Montenegro-2016,1662000,978000000,91000000,622303,887000000,-0.3287,-0.3018,-0.3582,-0.308,-0.0509
Montenegro,2017,Montenegro-2017,1877000,1110000000,91000000,622373,1019000000,-0.3198,-0.2953,-0.3582,-0.3079,-0.0356
Montenegro,2018,Montenegro-2018,2077000,1224000000,73000000,622227,1151000000,-0.3117,-0.2897,-0.3594,-0.308,-0.0202
Montenegro,2019,Montenegro-2019,2510000,1276000000,72000000,622028,1204000000,-0.2939,-0.2871,-0.3594,-0.308,-0.014
Montenegro,2020,Montenegro-2020,351000,180000000,38000000,621306,142000000,-0.3824,-0.3412,-0.3616,-0.308,-0.1377
Morocco,2015,Morocco-2015,10542000,7765000000,2155000000,34607588,5610000000,0.0351,0.0333,-0.228,-0.0237,0.4992
Morocco,2016,Morocco-2016,10677000,7922000000,2312000000,35023457,5610000000,0.0406,0.0411,-0.218,-0.0202,0.4992
Morocco,2017,Morocco-2017,11540000,9086000000,2829000000,35446392,6257000000,0.076,0.0985,-0.1854,-0.0167,0.5746
Morocco,2018,Morocco-2018,12489000,9520000000,2987000000,35839760,6533000000,0.1148,0.12,-0.1754,-0.0134,0.6067
Morocco,2019,Morocco-2019,13109000,9949000000,3102000000,36210898,6847000000,0.1402,0.1411,-0.1682,-0.0103,0.6433
Morocco,2020,Morocco-2020,2802000,4514000000,1509000000,36584208,3005000000,-0.282,-0.1272,-0.2687,-0.0072,0.1958
Mozambique,2015,Mozambique-2015,1634000,202000000,322000000,26547572,-120000000,-0.3298,-0.3402,-0.3437,-0.0911,-0.1682
Mozambique,2016,Mozambique-2016,1715000,114000000,290000000,27337105,-176000000,-0.3265,-0.3445,-0.3457,-0.0845,-0.1747
Mozambique,2017,Mozambique-2017,1514000,164000000,237000000,28166393,-73000000,-0.3347,-0.342,-0.349,-0.0776,-0.1627
Mozambique,2018,Mozambique-2018,2870000,331000000,135000000,29018644,196000000,-0.2792,-0.3338,-0.3555,-0.0704,-0.1314
Mozambique,2019,Mozambique-2019,2033000,324000000,99000000,29884380,225000000,-0.3135,-0.3341,-0.3577,-0.0632,-0.128
Mozambique,2020,Mozambique-2020,1953200,113000000,95000000,30783688,18000000,-0.3167,-0.3446,-0.358,-0.0557,-0.1521
Myanmar,2015,Myanmar-2015,4681000,2199000000,146000000,51089056,2053000000,-0.205,-0.2415,-0.3548,0.1141,0.0849
Myanmar,2016,Myanmar-2016,2907000,2289000000,201000000,51495696,2088000000,-0.2777,-0.2371,-0.3513,0.1175,0.089
Myanmar,2017,Myanmar-2017,3443000,1988000000,136000000,51894938,1852000000,-0.2557,-0.252,-0.3554,0.1209,0.0615
Myanmar,2018,Myanmar-2018,3551000,1670000000,118000000,52272247,1552000000,-0.2513,-0.2677,-0.3565,0.124,0.0265
Myanmar,2019,Myanmar-2019,4364000,2501000000,214000000,52640713,2287000000,-0.218,-0.2266,-0.3505,0.1271,0.1121
Namibia,2015,Namibia-2015,1488000,540000000,71000000,2374300,469000000,-0.3358,-0.3235,-0.3595,-0.2933,-0.0996
Namibia,2016,Namibia-2016,1551000,295000000,82000000,2439213,213000000,-0.3332,-0.3356,-0.3588,-0.2928,-0.1294
Namibia,2017,Namibia-2017,1581000,449000000,92000000,2506853,357000000,-0.332,-0.328,-0.3582,-0.2922,-0.1127
Namibia,2018,Namibia-2018,1639000,488000000,69000000,2577327,419000000,-0.3296,-0.326,-0.3596,-0.2916,-0.1054
Namibia,2019,Namibia-2019,1651000,451000000,118000000,2650494,333000000,-0.3291,-0.3279,-0.3565,-0.291,-0.1155
Namibia,2020,Namibia-2020,187100.01,155000000,77000000,2728762,78000000,-0.3891,-0.3425,-0.3591,-0.2903,-0.1452
Nauru,2015,Nauru-2015,0,1700000,6400000,10954,-4700000,-0.3967,-0.35,-0.3636,-0.3131,-0.1548
Nauru,2016,Nauru-2016,0,3400000,10000000,11150,-6600000,-0.3967,-0.35,-0.3634,-0.3131,-0.155
Nauru,2017,Nauru-2017,0,3900000,9000000,11324,-5100000,-0.3967,-0.3499,-0.3634,-0.3131,-0.1548
Nauru,2018,Nauru-2018,0,1600000,7100000,11477,-5500000,-0.3967,-0.3501,-0.3635,-0.3131,-0.1549
Nepal,2015,Nepal-2015,539000,509000000,669000000,27823629,-160000000,-0.3747,-0.325,-0.3218,-0.0804,-0.1729
Nepal,2016,Nepal-2016,753000,498000000,634000000,27955462,-136000000,-0.3659,-0.3255,-0.324,-0.0793,-0.1701
Nepal,2017,Nepal-2017,940000,712000000,886000000,28011258,-174000000,-0.3582,-0.315,-0.3081,-0.0789,-0.1745
Nepal,2018,Nepal-2018,1173000,740000000,915000000,28079689,-175000000,-0.3487,-0.3136,-0.3062,-0.0783,-0.1746
Nepal,2019,Nepal-2019,1197000,801000000,713000000,28414064,88000000,-0.3477,-0.3106,-0.319,-0.0755,-0.144
Nepal,2020,Nepal-2020,230000,238000000,267000000,28966574,-29000000,-0.3873,-0.3384,-0.3471,-0.0709,-0.1576
Netherlands,2015,Netherlands-2015,15007000,17558000000,20234000000,16939923,-2676000000,0.218,0.5169,0.9132,-0.1715,-0.4659
Netherlands,2016,Netherlands-2016,15828000,19421800781.25,20188800781.25,17030314,-767000000,0.2516,0.6089,0.9104,-0.1707,-0.2436
Netherlands,2017,Netherlands-2017,17924000,21844699218.75,22301099609.38,17131296,-456400390.63,0.3375,0.7286,1.0437,-0.1699,-0.2074
Netherlands,2018,Netherlands-2018,18780000,23919099609.38,23359300781.25,17231624,559798828.13,0.3725,0.831,1.1105,-0.169,-0.089
Netherlands,2019,Netherlands-2019,20129000,23723900390.63,22547400390.63,17344874,1176500000,0.4278,0.8213,1.0592,-0.1681,-0.0172
Netherlands,2020,Netherlands-2020,7265000,10926200195.31,7435700195.31,17441500,3490500000,-0.0991,0.1894,0.1054,-0.1673,0.2523
New Zealand,2015,New Zealand-2015,3129000,9464000000,3721000000,4609400,5743000000,-0.2686,0.1172,-0.1291,-0.2746,0.5147
New Zealand,2016,New Zealand-2016,3494000,9773000000,4010000000,4714100,5763000000,-0.2536,0.1325,-0.1109,-0.2737,0.517
New Zealand,2017,New Zealand-2017,3723000,10594000000,4463000000,4813600,6131000000,-0.2442,0.173,-0.0823,-0.2729,0.5599
New Zealand,2018,New Zealand-2018,3858000,10961000000,4603000000,4900600,6358000000,-0.2387,0.1911,-0.0734,-0.2722,0.5863
Nicaragua,2015,Nicaragua-2015,1456000,0,273000000,6149417,-273000000,-0.3371,-0.3501,-0.3468,-0.2617,-0.186
Nicaragua,2016,Nicaragua-2016,1596000,0,310000000,6232666,-310000000,-0.3314,-0.3501,-0.3444,-0.261,-0.1904
Nicaragua,2017,Nicaragua-2017,1958000,0,365000000,6316231,-365000000,-0.3165,-0.3501,-0.3409,-0.2603,-0.1968
Nicaragua,2018,Nicaragua-2018,1412000,0,349000000,6400080,-349000000,-0.3389,-0.3501,-0.342,-0.2596,-0.1949
Nicaragua,2019,Nicaragua-2019,1455000,0,312000000,6483657,-312000000,-0.3371,-0.3501,-0.3443,-0.2589,-0.1906
Nicaragua,2020,Nicaragua-2020,474000,0,102000000,6565267,-102000000,-0.3773,-0.3501,-0.3575,-0.2582,-0.1661
Niger,2015,Niger-2015,135000,80000000,140000000,19939498,-60000000,-0.3912,-0.3462,-0.3551,-0.1464,-0.1612
Niger,2016,Niger-2016,152000,84000000,110000000,20685753,-26000000,-0.3905,-0.346,-0.357,-0.1401,-0.1573
Niger,2017,Niger-2017,164000,91000000,120000000,21435446,-29000000,-0.39,-0.3456,-0.3564,-0.1339,-0.1576
Niger,2018,Niger-2018,157000,114000000,141000000,22188069,-27000000,-0.3903,-0.3445,-0.3551,-0.1276,-0.1574
Niger,2019,Niger-2019,192000,130000000,144500000,22947757,-14500000,-0.3889,-0.3437,-0.3549,-0.1212,-0.1559
Nigeria,2015,Nigeria-2015,6017000,461000000,9017000000,190671878,-8556000000,-0.1503,-0.3274,0.2052,1.2816,-1.1508
Nigeria,2016,Nigeria-2016,5265000,1088000000,4524000000,195443700,-3436000000,-0.1811,-0.2964,-0.0784,1.3215,-0.5545
Nigeria,2017,Nigeria-2017,5641000,2615000000,8194000000,200254579,-5579000000,-0.1657,-0.221,0.1532,1.3617,-0.8041
Nigeria,2018,Nigeria-2018,5641000,1977000000,13218000000,204938755,-11241000000,-0.1657,-0.2525,0.4704,1.4009,-1.4636
Nigeria,2019,Nigeria-2019,5641000,1471000000,16406000000,209485641,-14935000000,-0.1657,-0.2775,0.6716,1.4389,-1.8938
Nigeria,2020,Nigeria-2020,5641000,321000000,6613000000,213996181,-6292000000,-0.1657,-0.3343,0.0534,1.4767,-0.8871
North Macedonia,2015,North Macedonia-2015,486000,268000000,189000000,1912430,79000000,-0.3768,-0.3369,-0.3521,-0.2972,-0.145
North Macedonia,2016,North Macedonia-2016,510000,283000000,204000000,1906313,79000000,-0.3758,-0.3362,-0.3511,-0.2972,-0.145
North Macedonia,2017,North Macedonia-2017,631000,331000000,233000000,1898657,98000000,-0.3709,-0.3338,-0.3493,-0.2973,-0.1428
North Macedonia,2018,North Macedonia-2018,707000,387000000,282000000,1889051,105000000,-0.3678,-0.331,-0.3462,-0.2974,-0.142
North Macedonia,2019,North Macedonia-2019,758000,401000000,302000000,1876262,99000000,-0.3657,-0.3303,-0.3449,-0.2975,-0.1427
North Macedonia,2020,North Macedonia-2020,118000,253000000,153000000,1856124,100000000,-0.3919,-0.3376,-0.3543,-0.2976,-0.1426
Norway,2015,Norway-2015,5361000,6370000000,16485000000,5188607,-10115000000,-0.1771,-0.0356,0.6766,-0.2698,-1.3324
Norway,2016,Norway-2016,5960000,6285000000,16384000000,5234519,-10099000000,-0.1526,-0.0398,0.6702,-0.2694,-1.3306
Norway,2017,Norway-2017,6252000,6565000000,17489000000,5276968,-10924000000,-0.1406,-0.026,0.7399,-0.269,-1.4267
Norway,2018,Norway-2018,5688000,7280000000,18307000000,5311916,-11027000000,-0.1637,0.0094,0.7916,-0.2687,-1.4386
Norway,2019,Norway-2019,5879000,7040000000,17683000000,5347896,-10643000000,-0.1559,-0.0025,0.7522,-0.2684,-1.3939
Norway,2020,Norway-2020,1397000,2196000000,4230000000,5379475,-2034000000,-0.3395,-0.2417,-0.097,-0.2682,-0.3912
Oman,2015,Oman-2015,2634000,2247000000,2208000000,4184895,39000000,-0.2888,-0.2392,-0.2246,-0.2782,-0.1497
Oman,2016,Oman-2016,3207000,2324000000,2643000000,4390877,-319000000,-0.2654,-0.2354,-0.1972,-0.2764,-0.1914
Oman,2017,Oman-2017,3178000,2629000000,2915000000,4537396,-286000000,-0.2666,-0.2203,-0.18,-0.2752,-0.1876
Oman,2018,Oman-2018,3242000,2874000000,3210000000,4597877,-336000000,-0.2639,-0.2082,-0.1614,-0.2747,-0.1934
Oman,2019,Oman-2019,3506000,3077000000,3406000000,4591241,-329000000,-0.2531,-0.1982,-0.149,-0.2748,-0.1926
Oman,2020,Oman-2020,869000,669000000,1236000000,4522497,-567000000,-0.3611,-0.3171,-0.286,-0.2753,-0.2203
Pakistan,2015,Pakistan-2015,0,915000000,2642000000,217290883,-1727000000,-0.3967,-0.3049,-0.1972,1.5042,-0.3554
Pakistan,2016,Pakistan-2016,0,790000000,2931000000,220138869,-2141000000,-0.3967,-0.3111,-0.179,1.528,-0.4036
Pakistan,2017,Pakistan-2017,0,865000000,3316000000,223273967,-2451000000,-0.3967,-0.3074,-0.1547,1.5543,-0.4397
Pakistan,2018,Pakistan-2018,0,845000000,2959000000,226928892,-2114000000,-0.3967,-0.3084,-0.1772,1.5848,-0.4005
Pakistan,2019,Pakistan-2019,0,992000000,2998000000,230800899,-2006000000,-0.3967,-0.3011,-0.1747,1.6172,-0.3879
Pakistan,2020,Pakistan-2020,0,765000000,1245000000,235001746,-480000000,-0.3967,-0.3124,-0.2854,1.6523,-0.2102
Palau,2015,Palau-2015,162000,156000000,21899999.62,17770,134100000.38,-0.3901,-0.3424,-0.3626,-0.313,-0.1386
Palau,2016,Palau-2016,138000,148000000,23799999.24,17797,124200000.76,-0.3911,-0.3428,-0.3625,-0.313,-0.1398
Palau,2017,Palau-2017,123000,123000000,23299999.24,17812,99700000.76,-0.3917,-0.3441,-0.3625,-0.313,-0.1426
Panama,2015,Panama-2015,2553000,5754000000,1272000000,3960035,4482000000,-0.2922,-0.066,-0.2837,-0.28,0.3678
Panama,2016,Panama-2016,2379000,6283000000,1351000000,4029086,4932000000,-0.2993,-0.0399,-0.2787,-0.2795,0.4202
Panama,2017,Panama-2017,2517000,6827000000,1132000000,4098707,5695000000,-0.2936,-0.013,-0.2925,-0.2789,0.5091
Panama,2018,Panama-2018,2487000,7139000000,1395000000,4167860,5744000000,-0.2949,0.0024,-0.2759,-0.2783,0.5148
Panama,2019,Panama-2019,2494000,7052000000,1623000000,4234700,5429000000,-0.2946,-0.0019,-0.2615,-0.2777,0.4781
Panama,2020,Panama-2020,647000,1841000000,601000000,4293261,1240000000,-0.3702,-0.2592,-0.326,-0.2772,-0.0098
Papua New Guinea,2015,Papua New Guinea-2015,199000,7030000.09,135000000,8743246,-127969999.91,-0.3886,-0.3498,-0.3555,-0.24,-0.1691
Papua New Guinea,2016,Papua New Guinea-2016,198000,1600000.02,126599998.47,8961718,-124999998.45,-0.3886,-0.3501,-0.356,-0.2382,-0.1688
Papua New Guinea,2017,Papua New Guinea-2017,182000,15260000.23,168600006.1,9178714,-153340005.87,-0.3893,-0.3494,-0.3533,-0.2364,-0.1721
Papua New Guinea,2018,Papua New Guinea-2018,195000,4230000.02,134000000,9394513,-129769999.98,-0.3887,-0.3499,-0.3555,-0.2346,-0.1694
Paraguay,2015,Paraguay-2015,4102000,348000000,494000000,6159103,-146000000,-0.2287,-0.3329,-0.3328,-0.2616,-0.1712
Paraguay,2016,Paraguay-2016,4318000,356000000,512000000,6249126,-156000000,-0.2199,-0.3326,-0.3317,-0.2609,-0.1724
Paraguay,2017,Paraguay-2017,4744000,399000000,545000000,6338660,-146000000,-0.2024,-0.3304,-0.3296,-0.2601,-0.1712
Paraguay,2018,Paraguay-2018,4183000,393000000,549000000,6427382,-156000000,-0.2254,-0.3307,-0.3293,-0.2594,-0.1724
Paraguay,2019,Paraguay-2019,4368000,409000000,552000000,6515058,-143000000,-0.2178,-0.3299,-0.3291,-0.2587,-0.1709
Paraguay,2020,Paraguay-2020,1077000,104000000,226000000,6603739,-122000000,-0.3526,-0.345,-0.3497,-0.2579,-0.1685
Peru,2015,Peru-2015,4381000,4140000000,2539000000,30457600,1601000000,-0.2173,-0.1457,-0.2037,-0.0584,0.0322
Peru,2016,Peru-2016,4718000,4288000000,2700000000,30866494,1588000000,-0.2035,-0.1384,-0.1936,-0.055,0.0307
Peru,2017,Peru-2017,4992000,4439000000,2893000000,31324637,1546000000,-0.1923,-0.1309,-0.1814,-0.0512,0.0258
Peru,2018,Peru-2018,5384000,4505000000,3353000000,31897584,1152000000,-0.1762,-0.1277,-0.1523,-0.0464,-0.0201
Peru,2019,Peru-2019,5275000,4703000000,3627399902.34,32449303,1075600097.66,-0.1807,-0.1179,-0.135,-0.0418,-0.029
Peru,2020,Peru-2020,1119000,1002000000,938000000,32838579,64000000,-0.3509,-0.3007,-0.3048,-0.0385,-0.1468
Philippines,2015,Philippines-2015,5361000,6414000000,11868000000,105312992,-5454000000,-0.1771,-0.0334,0.3851,0.5677,-0.7895
Philippines,2016,Philippines-2016,5967000,6289000000,11681000000,106735719,-5392000000,-0.1523,-0.0396,0.3733,0.5796,-0.7823
Philippines,2017,Philippines-2017,6621000,8349000000,12442000000,108119693,-4093000000,-0.1255,0.0621,0.4214,0.5911,-0.631
Philippines,2018,Philippines-2018,7168000,9715000000,12474000000,109465287,-2759000000,-0.1031,0.1296,0.4234,0.6024,-0.4756
Philippines,2019,Philippines-2019,8261000,11455000000,12926000000,110804683,-1471000000,-0.0584,0.2155,0.4519,0.6136,-0.3256
Philippines,2020,Philippines-2020,1483000,2769000000,4872000000,112081264,-2103000000,-0.336,-0.2134,-0.0565,0.6243,-0.3992
Poland,2015,Poland-2015,77743000,11164000000,8285000000,37986412,2879000000,2.7877,0.2011,0.159,0.0046,0.1811
Poland,2016,Poland-2016,80476000,11922000000,8509000000,37970087,3413000000,2.8996,0.2386,0.1731,0.0044,0.2433
Poland,2017,Poland-2017,83804000,13925000000,9420000000,37974826,4505000000,3.036,0.3375,0.2306,0.0045,0.3705
Poland,2018,Poland-2018,85946000,15569000000,10367000000,37974750,5202000000,3.1237,0.4187,0.2904,0.0045,0.4517
Poland,2019,Poland-2019,88515000,15712000000,10161000000,37965475,5551000000,3.2289,0.4257,0.2774,0.0044,0.4923
Poland,2020,Poland-2020,83296800,8379000000,5547000000,37899070,2832000000,3.0152,0.0636,-0.0138,0.0038,0.1756
Portugal,2015,Portugal-2015,11723000,16007000000,4576000000,10358076,11431000000,0.0835,0.4403,-0.0751,-0.2265,1.1772
Portugal,2016,Portugal-2016,13359000,17347000000,4707000000,10325452,12640000000,0.1505,0.5065,-0.0669,-0.2268,1.318
Portugal,2017,Portugal-2017,15432000,21586000000,5509000000,10300300,16077000000,0.2354,0.7158,-0.0162,-0.227,1.7184
Portugal,2018,Portugal-2018,16186000,24366000000,6427000000,10283822,17939000000,0.2663,0.8531,0.0417,-0.2271,1.9353
Portugal,2019,Portugal-2019,17283000,24592000000,6823000000,10286263,17769000000,0.3112,0.8642,0.0667,-0.2271,1.9155
Portugal,2020,Portugal-2020,4208000,10522000000,3536000000,10297081,6986000000,-0.2244,0.1694,-0.1408,-0.227,0.6595
Qatar,2015,Qatar-2015,2941000,12131000000,11641000000,2344557,490000000,-0.2763,0.2489,0.3708,-0.2935,-0.0972
Qatar,2016,Qatar-2016,2938000,12593000000,13152000000,2477113,-559000000,-0.2764,0.2717,0.4662,-0.2924,-0.2194
Qatar,2017,Qatar-2017,2256000,15757000000,12284000000,2545820,3473000000,-0.3043,0.4279,0.4114,-0.2919,0.2503
Qatar,2018,Qatar-2018,1819000,15239000000,11754000000,2580734,3485000000,-0.3222,0.4024,0.3779,-0.2916,0.2517
Qatar,2019,Qatar-2019,2136500,15647000000,12528000000,2638657,3119000000,-0.3092,0.4225,0.4268,-0.2911,0.2091
Qatar,2020,Qatar-2020,582000,14318000000,11504000000,2794148,2814000000,-0.3729,0.3569,0.3622,-0.2898,0.1735
Romania,2015,Romania-2015,9331000,2229000000,2526000000,19815616,-297000000,-0.0145,-0.2401,-0.2045,-0.1474,-0.1888
Romania,2016,Romania-2016,10223000,2474000000,2910000000,19702267,-436000000,0.022,-0.228,-0.1803,-0.1484,-0.205
Romania,2017,Romania-2017,10926000,3553000000,4955000000,19588715,-1402000000,0.0508,-0.1747,-0.0512,-0.1493,-0.3175
Romania,2018,Romania-2018,11720000,3879000000,6109000000,19473970,-2230000000,0.0833,-0.1586,0.0216,-0.1503,-0.414
Romania,2019,Romania-2019,12815000,4240000000,7172000000,19371648,-2932000000,0.1282,-0.1408,0.0887,-0.1511,-0.4958
Romania,2020,Romania-2020,5023000,1611000000,3472000000,19265250,-1861000000,-0.191,-0.2706,-0.1448,-0.152,-0.371
Russian Federation,2015,Russian Federation-2015,33729000,13186000000,38432000000,144640716,-25246000000,0.9848,0.301,2.0619,0.8966,-3.0949
Russian Federation,2016,Russian Federation-2016,24571000,12822000000,27654000000,145015460,-14832000000,0.6097,0.283,1.3816,0.8997,-1.8819
Russian Federation,2017,Russian Federation-2017,24390000,14938000000,35584000000,145293260,-20646000000,0.6023,0.3875,1.8821,0.902,-2.5591
Russian Federation,2018,Russian Federation-2018,24551000,18735000000,38791000000,145398106,-20056000000,0.6089,0.575,2.0846,0.9029,-2.4903
Russian Federation,2019,Russian Federation-2019,24419000,17235000000,40611000000,145453291,-23376000000,0.6035,0.5009,2.1994,0.9034,-2.877
Russian Federation,2020,Russian Federation-2020,6359000,4961000000,10800000000,145245148,-5839000000,-0.1363,-0.1052,0.3177,0.9016,-0.8344
Rwanda,2015,Rwanda-2015,1298000,427000000,350000000,11640022,77000000,-0.3436,-0.329,-0.3419,-0.2158,-0.1453
Rwanda,2016,Rwanda-2016,1377000,443000000,364000000,11919183,79000000,-0.3403,-0.3283,-0.341,-0.2135,-0.145
Rwanda,2017,Rwanda-2017,1570000,496500000,419000000,12202060,77500000,-0.3324,-0.3256,-0.3375,-0.2111,-0.1452
Rwanda,2018,Rwanda-2018,1711000,547000000,390000000,12487996,157000000,-0.3266,-0.3231,-0.3394,-0.2087,-0.136
Rwanda,2019,Rwanda-2019,1634000,635900024.41,382799987.79,12776103,253100036.62,-0.3298,-0.3187,-0.3398,-0.2063,-0.1248
Rwanda,2020,Rwanda-2020,1518000,212000000,127000000,13065837,85000000,-0.3346,-0.3397,-0.356,-0.2039,-0.1443
Samoa,2015,Samoa-2015,139000,142399993.9,2900000.1,201782,139499993.8,-0.391,-0.3431,-0.3638,-0.3115,-0.138
Samoa,2016,Samoa-2016,146000,148699996.95,2099999.9,203499,146599997.05,-0.3907,-0.3428,-0.3639,-0.3115,-0.1372
Samoa,2017,Samoa-2017,158000,167000000,3900000.1,205415,163099999.9,-0.3903,-0.3419,-0.3637,-0.3114,-0.1352
Samoa,2018,Samoa-2018,172000,192300003.05,4099999.9,207582,188200003.15,-0.3897,-0.3406,-0.3637,-0.3114,-0.1323
Samoa,2019,Samoa-2019,181000,206100006.1,5199999.81,209780,200900006.29,-0.3893,-0.34,-0.3637,-0.3114,-0.1308
Samoa,2020,Samoa-2020,23900,23059999.47,1799999.95,211944,21259999.52,-0.3957,-0.349,-0.3639,-0.3114,-0.1518
Sao Tome And Principe,2015,Sao Tome And Principe-2015,25600,62500000,0,200291,62500000,-0.3957,-0.347,-0.364,-0.3115,-0.147
Sao Tome And Principe,2016,Sao Tome And Principe-2016,28900,69100000,0,203689,69100000,-0.3955,-0.3467,-0.364,-0.3115,-0.1462
Sao Tome And Principe,2017,Sao Tome And Principe-2017,28900,65900000,0,206970,65900000,-0.3955,-0.3469,-0.364,-0.3114,-0.1466
Sao Tome And Principe,2018,Sao Tome And Principe-2018,33400,71900000,0,210187,71900000,-0.3954,-0.3466,-0.364,-0.3114,-0.1459
Saudi Arabia,2015,Saudi Arabia-2015,21834000,11183000000,20366000000,29816382,-9183000000,0.4976,0.2021,0.9215,-0.0638,-1.2239
Saudi Arabia,2016,Saudi Arabia-2016,20887000,13438000000,17671000000,30954198,-4233000000,0.4588,0.3134,0.7514,-0.0543,-0.6473
Saudi Arabia,2017,Saudi Arabia-2017,18607000,15020000000,19065000000,30977355,-4045000000,0.3654,0.3916,0.8394,-0.0541,-0.6254
Saudi Arabia,2018,Saudi Arabia-2018,17570000,16974000000,17939000000,30196281,-965000000,0.323,0.488,0.7684,-0.0606,-0.2666
Saudi Arabia,2019,Saudi Arabia-2019,20292000,19849000000,16415000000,30063799,3434000000,0.4344,0.63,0.6722,-0.0617,0.2457
Saudi Arabia,2020,Saudi Arabia-2020,19838000,5960000000,9069000000,31552510,-3109000000,0.4159,-0.0558,0.2085,-0.0493,-0.5164
Senegal,2015,Senegal-2015,1014000,417000000,261000000,14593331,156000000,-0.3552,-0.3295,-0.3475,-0.1911,-0.1361
Senegal,2016,Senegal-2016,1219000,439000000,277000000,15034521,162000000,-0.3468,-0.3285,-0.3465,-0.1874,-0.1354
Senegal,2017,Senegal-2017,1376000,470000000,295000000,15475002,175000000,-0.3404,-0.3269,-0.3454,-0.1837,-0.1339
Senegal,2018,Senegal-2018,1203000,557000000,324000000,15914498,233000000,-0.3475,-0.3226,-0.3435,-0.18,-0.1271
Serbia,2015,Serbia-2015,1132000,1322000000,1254000000,7095383,68000000,-0.3504,-0.2849,-0.2848,-0.2538,-0.1463
Serbia,2016,Serbia-2016,1281000,1461000000,1351000000,7058322,110000000,-0.3443,-0.278,-0.2787,-0.2541,-0.1414
Serbia,2017,Serbia-2017,1497000,1706000000,1549000000,7020858,157000000,-0.3354,-0.2659,-0.2662,-0.2544,-0.136
Serbia,2018,Serbia-2018,1711000,1941000000,1837000000,6982604,104000000,-0.3266,-0.2543,-0.248,-0.2548,-0.1421
Serbia,2019,Serbia-2019,1847000,2000000000,2000000000,6945235,0,-0.3211,-0.2514,-0.2377,-0.2551,-0.1542
Serbia,2020,Serbia-2020,446000,1422000000,1179000000,6899126,243000000,-0.3785,-0.2799,-0.2896,-0.2555,-0.1259
Seychelles,2015,Seychelles-2015,296000,483000000,54000000,93419,429000000,-0.3846,-0.3263,-0.3606,-0.3124,-0.1043
Seychelles,2016,Seychelles-2016,333000,505000000,92000000,94677,413000000,-0.3831,-0.3252,-0.3582,-0.3124,-0.1061
Seychelles,2017,Seychelles-2017,382000,585000000,104000000,95843,481000000,-0.3811,-0.3212,-0.3574,-0.3124,-0.0982
Seychelles,2018,Seychelles-2018,405000,611000000,101000000,96762,510000000,-0.3801,-0.32,-0.3576,-0.3123,-0.0948
Seychelles,2019,Seychelles-2019,428000,618000000,109000000,97625,509000000,-0.3792,-0.3196,-0.3571,-0.3123,-0.095
Seychelles,2020,Seychelles-2020,124500,228000000,39000000,98462,189000000,-0.3916,-0.3389,-0.3615,-0.3123,-0.1322
Sierra Leone,2015,Sierra Leone-2015,31000,37000000,34000000,7037655,3000000,-0.3955,-0.3483,-0.3618,-0.2543,-0.1539
Sierra Leone,2016,Sierra Leone-2016,60000,41000000,36500000,7205328,4500000,-0.3943,-0.3481,-0.3617,-0.2529,-0.1537
Sierra Leone,2017,Sierra Leone-2017,59000,39000000,62000000,7379299,-23000000,-0.3943,-0.3482,-0.3601,-0.2514,-0.1569
Sierra Leone,2018,Sierra Leone-2018,66000,39000000,61000000,7554563,-22000000,-0.394,-0.3482,-0.3601,-0.25,-0.1568
Sierra Leone,2019,Sierra Leone-2019,71000,39000000,83000000,7731991,-44000000,-0.3938,-0.3482,-0.3587,-0.2485,-0.1594
Singapore,2015,Singapore-2015,15231500,16617000000,23658000000,5535002,-7041000000,0.2272,0.4704,1.1293,-0.2669,-0.9744
Singapore,2016,Singapore-2016,16403000,18944000000,23957000000,5607283,-5013000000,0.2752,0.5853,1.1482,-0.2663,-0.7381
Singapore,2017,Singapore-2017,17425000,19891000000,24588000000,5612253,-4697000000,0.317,0.6321,1.188,-0.2662,-0.7013
Singapore,2018,Singapore-2018,18508000,20416000000,25346000000,5638676,-4930000000,0.3614,0.658,1.2359,-0.266,-0.7285
Slovak Republic,2015,Slovak Republic-2015,14936000,2480000000,2266000000,5423801,214000000,0.2151,-0.2277,-0.221,-0.2678,-0.1293
Slovak Republic,2016,Slovak Republic-2016,17376000,2812000000,2420000000,5430798,392000000,0.315,-0.2113,-0.2112,-0.2677,-0.1086
Slovak Republic,2017,Slovak Republic-2017,15406000,3024000000,2599000000,5439232,425000000,0.2343,-0.2008,-0.1999,-0.2677,-0.1047
Slovak Republic,2018,Slovak Republic-2018,15299000,3318000000,2823000000,5446771,495000000,0.2299,-0.1863,-0.1858,-0.2676,-0.0966
Slovak Republic,2019,Slovak Republic-2019,15754250,3350000000,2811000000,5454147,539000000,0.2486,-0.1847,-0.1865,-0.2675,-0.0915
Slovak Republic,2020,Slovak Republic-2020,15754250,1303000000,1291000000,5458827,12000000,0.2486,-0.2858,-0.2825,-0.2675,-0.1528
Slovenia,2015,Slovenia-2015,3022000,2594000000,1370000000,2063531,1224000000,-0.2729,-0.222,-0.2775,-0.2959,-0.0117
Slovenia,2016,Slovenia-2016,3397000,2717899902.34,1483800048.83,2065042,1234099853.51,-0.2576,-0.2159,-0.2703,-0.2959,-0.0105
Slovenia,2017,Slovenia-2017,3991000,3055100097.66,1641099975.59,2066388,1414000122.07,-0.2333,-0.1993,-0.2604,-0.2959,0.0105
Slovenia,2018,Slovenia-2018,4425000,3377500000,1864300048.83,2073894,1513199951.17,-0.2155,-0.1834,-0.2463,-0.2958,0.022
Slovenia,2019,Slovenia-2019,4702000,3353100097.66,1771699951.17,2088385,1581400146.49,-0.2041,-0.1846,-0.2522,-0.2957,0.03
Slovenia,2020,Slovenia-2020,1216000,1418000000,855799987.79,2102419,562200012.21,-0.3469,-0.2801,-0.31,-0.2956,-0.0888
Solomon Islands,2015,Solomon Islands-2015,21600,60000000,60700000.76,639415,-700000.76,-0.3958,-0.3472,-0.3602,-0.3078,-0.1543
Solomon Islands,2016,Solomon Islands-2016,23200,71000000,74900001.53,662379,-3900001.53,-0.3958,-0.3466,-0.3593,-0.3076,-0.1547
Solomon Islands,2017,Solomon Islands-2017,25700,79000000,72699996.95,685672,6300003.05,-0.3957,-0.3462,-0.3594,-0.3074,-0.1535
Solomon Islands,2018,Solomon Islands-2018,27900,92000000,53000000,709101,39000000,-0.3956,-0.3456,-0.3606,-0.3072,-0.1497
Solomon Islands,2019,Solomon Islands-2019,28900,82000000,62500000,728147,19500000,-0.3955,-0.3461,-0.36,-0.3071,-0.152
Solomon Islands,2020,Solomon Islands-2020,4400,7000000,30909999.85,744498,-23909999.85,-0.3965,-0.3498,-0.362,-0.3069,-0.157
South Africa,2015,South Africa-2015,13952000,9140000000,5734000000,56723537,3406000000,0.1748,0.1012,-0.002,0.1613,0.2425
South Africa,2016,South Africa-2016,15121000,8807000000,5354000000,57259551,3453000000,0.2226,0.0848,-0.026,0.1658,0.248
South Africa,2017,South Africa-2017,14975000,9706000000,6068000000,57635162,3638000000,0.2167,0.1291,0.019,0.1689,0.2695
South Africa,2018,South Africa-2018,15004000,9789000000,6348000000,58613001,3441000000,0.2178,0.1332,0.0367,0.1771,0.2466
South Africa,2019,South Africa-2019,14797000,9064000000,5866000000,59587885,3198000000,0.2094,0.0974,0.0063,0.1852,0.2183
South Africa,2020,South Africa-2020,3886600.1,2716000000,1594000000,60562381,1122000000,-0.2375,-0.216,-0.2634,0.1934,-0.0236
South Sudan,2015,South Sudan-2015,0,22000000,759000000,11107561,-737000000,-0.3967,-0.349,-0.3161,-0.2203,-0.2401
South Sudan,2016,South Sudan-2016,0,23500000,323000000,10830102,-299500000,-0.3967,-0.349,-0.3436,-0.2226,-0.1891
South Sudan,2017,South Sudan-2017,0,26000000,293000000,10259154,-267000000,-0.3967,-0.3488,-0.3455,-0.2273,-0.1853
South Sudan,2018,South Sudan-2018,0,12000000,513000000,10122977,-501000000,-0.3967,-0.3495,-0.3316,-0.2285,-0.2126
Sri Lanka,2015,Sri Lanka-2015,1993000,3978000000,2152000000,20970000,1826000000,-0.3151,-0.1537,-0.2281,-0.1378,0.0584
Sri Lanka,2016,Sri Lanka-2016,2168000,4591000000,2295000000,21209000,2296000000,-0.3079,-0.1234,-0.2191,-0.1358,0.1132
Sri Lanka,2017,Sri Lanka-2017,2248000,5083000000,2409000000,21444000,2674000000,-0.3046,-0.0991,-0.2119,-0.1338,0.1572
Sri Lanka,2018,Sri Lanka-2018,2521000,5608000000,2487000000,21670000,3121000000,-0.2935,-0.0732,-0.207,-0.1319,0.2093
Sri Lanka,2019,Sri Lanka-2019,2027000,4663000000,2436000000,21803000,2227000000,-0.3137,-0.1199,-0.2102,-0.1308,0.1052
Sri Lanka,2020,Sri Lanka-2020,540000,1076000000,803000000,21919000,273000000,-0.3746,-0.297,-0.3133,-0.1298,-0.1224
St. Kitts And Nevis,2015,St. Kitts And Nevis-2015,1036000,317000000,52000000,47087,265000000,-0.3543,-0.3345,-0.3607,-0.3128,-0.1234
St. Kitts And Nevis,2016,St. Kitts And Nevis-2016,1055000,332000000,51000000,47075,281000000,-0.3535,-0.3337,-0.3608,-0.3128,-0.1215
St. Kitts And Nevis,2017,St. Kitts And Nevis-2017,1194000,355000000,56000000,47050,299000000,-0.3478,-0.3326,-0.3604,-0.3128,-0.1194
St. Kitts And Nevis,2018,St. Kitts And Nevis-2018,1278000,367000000,56000000,47008,311000000,-0.3444,-0.332,-0.3604,-0.3128,-0.118
St. Kitts And Nevis,2019,St. Kitts And Nevis-2019,1107000,342750000,60000000,46952,282750000,-0.3514,-0.3332,-0.3602,-0.3128,-0.1213
St. Kitts And Nevis,2020,St. Kitts And Nevis-2020,301399.99,342750000,18000000,46870,324750000,-0.3844,-0.3332,-0.3628,-0.3128,-0.1164
St. Lucia,2015,St. Lucia-2015,1031000,810000000,76000000,174905,734000000,-0.3545,-0.3101,-0.3592,-0.3117,-0.0687
St. Lucia,2016,St. Lucia-2016,948000,776000000,78000000,175646,698000000,-0.3579,-0.3118,-0.3591,-0.3117,-0.0729
St. Lucia,2017,St. Lucia-2017,1064000,875000000,84000000,176342,791000000,-0.3531,-0.3069,-0.3587,-0.3117,-0.0621
St. Lucia,2018,St. Lucia-2018,1165000,989000000,85000000,177017,904000000,-0.349,-0.3013,-0.3586,-0.3117,-0.0489
St. Lucia,2019,St. Lucia-2019,1220000,862500000,92000000,177661,770500000,-0.3468,-0.3075,-0.3582,-0.3117,-0.0645
St. Lucia,2020,St. Lucia-2020,432500,862500000,28000000,178250,834500000,-0.379,-0.3075,-0.3622,-0.3117,-0.057
St. Vincent And The Grenadines,2015,St. Vincent And The Grenadines-2015,207000,211100006.1,40000000,106960,171100006.1,-0.3882,-0.3397,-0.3615,-0.3123,-0.1343
St. Vincent And The Grenadines,2016,St. Vincent And The Grenadines-2016,227000,221300003.05,41000000,106349,180300003.05,-0.3874,-0.3392,-0.3614,-0.3123,-0.1332
St. Vincent And The Grenadines,2017,St. Vincent And The Grenadines-2017,303000,215399993.9,38000000,105663,177399993.9,-0.3843,-0.3395,-0.3616,-0.3123,-0.1336
St. Vincent And The Grenadines,2018,St. Vincent And The Grenadines-2018,356000,231000000,40000000,104926,191000000,-0.3821,-0.3387,-0.3615,-0.3123,-0.132
St. Vincent And The Grenadines,2019,St. Vincent And The Grenadines-2019,392000,255000000,40000000,104167,215000000,-0.3807,-0.3375,-0.3615,-0.3123,-0.1292
St. Vincent And The Grenadines,2020,St. Vincent And The Grenadines-2020,297000,85000000,13000000,103526,72000000,-0.3846,-0.3459,-0.3632,-0.3123,-0.1459
Sudan,2015,Sudan-2015,741000,949000000,195000000,40024431,754000000,-0.3664,-0.3033,-0.3517,0.0216,-0.0664
Sudan,2016,Sudan-2016,800000,1009000000,203000000,41259892,806000000,-0.364,-0.3003,-0.3512,0.0319,-0.0604
Sudan,2017,Sudan-2017,813000,1029000000,29000000,42714306,1000000000,-0.3634,-0.2993,-0.3622,0.0441,-0.0378
Sudan,2018,Sudan-2018,836000,1043000000,13000000,44230596,1030000000,-0.3625,-0.2986,-0.3632,0.0568,-0.0343
Suriname,2015,Suriname-2015,229000,99000000,128000000,581627,-29000000,-0.3873,-0.3452,-0.3559,-0.3083,-0.1576
Suriname,2016,Suriname-2016,257000,74000000,112000000,587757,-38000000,-0.3862,-0.3465,-0.3569,-0.3082,-0.1587
Suriname,2017,Suriname-2017,279000,61000000,99000000,593713,-38000000,-0.3853,-0.3471,-0.3577,-0.3082,-0.1587
Suriname,2018,Suriname-2018,255000,73000000,104000000,599513,-31000000,-0.3863,-0.3465,-0.3574,-0.3081,-0.1579
Suriname,2019,Suriname-2019,255000,64000000,94000000,605768,-30000000,-0.3863,-0.347,-0.3581,-0.3081,-0.1577
Suriname,2020,Suriname-2020,255000,19000000,64000000,612317,-45000000,-0.3863,-0.3492,-0.3599,-0.308,-0.1595
Switzerland,2015,Switzerland-2015,9305000,20140000000,19675000000,8282396,465000000,-0.0156,0.6444,0.8779,-0.2439,-0.1001
Switzerland,2016,Switzerland-2016,10402000,19787000000,19941000000,8373338,-154000000,0.0293,0.6269,0.8947,-0.2431,-0.1722
Switzerland,2017,Switzerland-2017,11133000,20399000000,21501000000,8451840,-1102000000,0.0593,0.6572,0.9932,-0.2425,-0.2826
Switzerland,2018,Switzerland-2018,11715000,21294000000,21441000000,8514329,-147000000,0.0831,0.7014,0.9894,-0.2419,-0.1714
Switzerland,2019,Switzerland-2019,11818000,21257000000,21097000000,8575280,160000000,0.0873,0.6995,0.9677,-0.2414,-0.1356
Switzerland,2020,Switzerland-2020,10874600,9994000000,10372000000,8638167,-378000000,0.0487,0.1434,0.2907,-0.2409,-0.1983
Tajikistan,2015,Tajikistan-2015,414000,146000000,20620000.27,8643840,125379999.73,-0.3798,-0.3429,-0.3627,-0.2409,-0.1396
Tajikistan,2016,Tajikistan-2016,344000,149600006.1,24600000.38,8865631,125000005.72,-0.3826,-0.3427,-0.3624,-0.239,-0.1397
Tajikistan,2017,Tajikistan-2017,431000,171600006.1,15100000.38,9085946,156500005.72,-0.3791,-0.3417,-0.363,-0.2372,-0.136
Tajikistan,2018,Tajikistan-2018,1035000,170899993.9,24200000.76,9307333,146699993.14,-0.3543,-0.3417,-0.3625,-0.2353,-0.1372
Tajikistan,2019,Tajikistan-2019,556000,179100006.1,28399999.62,9529966,150700006.48,-0.374,-0.3413,-0.3622,-0.2334,-0.1367
Tajikistan,2020,Tajikistan-2020,556000,102400001.53,10800000.19,9749310,91600001.34,-0.374,-0.3451,-0.3633,-0.2316,-0.1436
Tanzania,2015,Tanzania-2015,1137000,1924000000,1288000000,52020962,636000000,-0.3502,-0.2551,-0.2827,0.1219,-0.0802
Tanzania,2016,Tanzania-2016,1284000,2149000000,992000000,53824013,1157000000,-0.3441,-0.244,-0.3014,0.137,-0.0195
Tanzania,2017,Tanzania-2017,1327000,2265000000,873000000,55652890,1392000000,-0.3424,-0.2383,-0.3089,0.1523,0.0079
Tanzania,2018,Tanzania-2018,1506000,2465000000,818000000,57437145,1647000000,-0.335,-0.2284,-0.3124,0.1672,0.0376
Tanzania,2019,Tanzania-2019,1527000,2624500000,738200012.21,59174891,1886299987.79,-0.3342,-0.2205,-0.3174,0.1818,0.0655
Thailand,2015,Thailand-2015,29923000,44851000000,9539000000,70540795,35312000000,0.8289,1.8646,0.2381,0.2768,3.9588
Thailand,2016,Thailand-2016,32530000,48459000000,11267000000,70859841,37192000000,0.9357,2.0428,0.3472,0.2795,4.1778
Thailand,2017,Thailand-2017,35592000,57057000000,12676000000,71160187,44381000000,1.0612,2.4673,0.4361,0.282,5.0152
Thailand,2018,Thailand-2018,38178000,61383000000,14406000000,71376079,46977000000,1.1671,2.6809,0.5453,0.2838,5.3176
Thailand,2019,Thailand-2019,39916000,64371000000,14969000000,71522271,49402000000,1.2383,2.8285,0.5809,0.285,5.6
Thailand,2020,Thailand-2020,35227800,15360000000,3681000000,71641484,11679000000,1.0462,0.4083,-0.1316,0.286,1.2061
Timor-Leste,2015,Timor-Leste-2015,61600,51000000,100000000,1205131,-49000000,-0.3942,-0.3476,-0.3577,-0.3031,-0.16
Timor-Leste,2016,Timor-Leste-2016,65600,58000000,118000000,1228312,-60000000,-0.394,-0.3473,-0.3565,-0.3029,-0.1612
Timor-Leste,2017,Timor-Leste-2017,73900,73000000,137000000,1251703,-64000000,-0.3937,-0.3465,-0.3553,-0.3027,-0.1617
Timor-Leste,2018,Timor-Leste-2018,74600,78000000,131000000,1275959,-53000000,-0.3937,-0.3463,-0.3557,-0.3025,-0.1604
Timor-Leste,2019,Timor-Leste-2019,74800,65000000,110000000,1300945,-45000000,-0.3937,-0.3469,-0.357,-0.3023,-0.1595
Togo,2015,Togo-2015,273000,212000000,53000000,7663195,159000000,-0.3855,-0.3397,-0.3606,-0.2491,-0.1357
Togo,2016,Togo-2016,338000,223000000,55000000,7858289,168000000,-0.3829,-0.3391,-0.3605,-0.2474,-0.1347
Togo,2017,Togo-2017,514000,245000000,57000000,8057140,188000000,-0.3757,-0.338,-0.3604,-0.2458,-0.1323
Togo,2018,Togo-2018,573000,269000000,65000000,8258778,204000000,-0.3733,-0.3368,-0.3599,-0.2441,-0.1305
Togo,2019,Togo-2019,876000,264000000,61000000,8463068,203000000,-0.3608,-0.3371,-0.3601,-0.2424,-0.1306
Tonga,2015,Tonga-2015,72600,46400001.53,32400001.53,106095,14000000,-0.3938,-0.3478,-0.3619,-0.3123,-0.1526
Tonga,2016,Tonga-2016,86700,52700000.76,23799999.24,105524,28900001.52,-0.3932,-0.3475,-0.3625,-0.3123,-0.1509
Tonga,2017,Tonga-2017,86600,48500000,37700000.76,105356,10799999.24,-0.3932,-0.3477,-0.3616,-0.3123,-0.153
Tonga,2018,Tonga-2018,77300,48099998.47,41200000.76,105567,6899997.71,-0.3936,-0.3478,-0.3614,-0.3123,-0.1534
Tonga,2019,Tonga-2019,94000,57099998.47,44000000,105669,13099998.47,-0.3929,-0.3473,-0.3612,-0.3123,-0.1527
Tonga,2020,Tonga-2020,83440,47700000.76,38000000,105704,9700000.76,-0.3933,-0.3478,-0.3616,-0.3123,-0.1531
Trinidad And Tobago,2015,Trinidad And Tobago-2015,519000,809000000,253000000,1349667,556000000,-0.3755,-0.3102,-0.348,-0.3019,-0.0895
Trinidad And Tobago,2016,Trinidad And Tobago-2016,492000,708000000,230000000,1353895,478000000,-0.3766,-0.3152,-0.3495,-0.3018,-0.0986
Trinidad And Tobago,2017,Trinidad And Tobago-2017,465000,717000000,147000000,1356633,570000000,-0.3777,-0.3147,-0.3547,-0.3018,-0.0878
Trinidad And Tobago,2018,Trinidad And Tobago-2018,501000,541000000,149000000,1359193,392000000,-0.3762,-0.3234,-0.3546,-0.3018,-0.1086
Trinidad And Tobago,2019,Trinidad And Tobago-2019,480000,481000000,133000000,1363985,348000000,-0.3771,-0.3264,-0.3556,-0.3017,-0.1137
Trinidad And Tobago,2020,Trinidad And Tobago-2020,141000,151000000,42000000,1366725,109000000,-0.391,-0.3427,-0.3613,-0.3017,-0.1415
Tunisia,2015,Tunisia-2015,5359000,1869000000,767000000,11402264,1102000000,-0.1772,-0.2578,-0.3156,-0.2178,-0.0259
Tunisia,2016,Tunisia-2016,5724000,1706000000,823000000,11528674,883000000,-0.1623,-0.2659,-0.312,-0.2167,-0.0514
Tunisia,2017,Tunisia-2017,7052000,1782000000,871000000,11650498,911000000,-0.1079,-0.2621,-0.309,-0.2157,-0.0481
Tunisia,2018,Tunisia-2018,8299000,2320000000,954000000,11765514,1366000000,-0.0568,-0.2356,-0.3038,-0.2148,0.0049
Tunisia,2019,Tunisia-2019,9429000,2683000000,889000000,11875081,1794000000,-0.0105,-0.2176,-0.3079,-0.2138,0.0547
Tunisia,2020,Tunisia-2020,2012000,1007000000,407000000,11974057,600000000,-0.3143,-0.3004,-0.3383,-0.213,-0.0844
Turkiye,2015,Turkiye-2015,41114000,35648000000,5635000000,78218479,30013000000,1.2873,1.4102,-0.0083,0.341,3.3416
Turkiye,2016,Turkiye-2016,30907000,26505000000,5698000000,79277962,20807000000,0.8693,0.9587,-0.0043,0.3499,2.2693
Turkiye,2017,Turkiye-2017,37970000,31993000000,5865000000,80312698,26128000000,1.1586,1.2297,0.0062,0.3586,2.8891
Turkiye,2018,Turkiye-2018,46113000,36791000000,6068000000,81407204,30723000000,1.4921,1.4666,0.019,0.3677,3.4243
Turkiye,2019,Turkiye-2019,51747000,41415000000,5354000000,82579440,36061000000,1.7229,1.6949,-0.026,0.3775,4.0461
Turkiye,2020,Turkiye-2020,15971000,13771000000,1639000000,83384680,12132000000,0.2575,0.3299,-0.2605,0.3843,1.2589
Tuvalu,2015,Tuvalu-2015,2400,0,9399999.62,10963,-9399999.62,-0.3966,-0.3501,-0.3634,-0.3131,-0.1553
Tuvalu,2016,Tuvalu-2016,2500,0,11399999.62,10930,-11399999.62,-0.3966,-0.3501,-0.3633,-0.3131,-0.1556
Tuvalu,2017,Tuvalu-2017,2500,0,10100000.38,10869,-10100000.38,-0.3966,-0.3501,-0.3633,-0.3131,-0.1554
Tuvalu,2018,Tuvalu-2018,3200,0,10800000.19,10751,-10800000.19,-0.3966,-0.3501,-0.3633,-0.3131,-0.1555
Tuvalu,2019,Tuvalu-2019,3600,0,9800000.19,10581,-9800000.19,-0.3966,-0.3501,-0.3634,-0.3131,-0.1554
Uganda,2015,Uganda-2015,1303000,1049000000,278000000,37531446,771000000,-0.3434,-0.2983,-0.3464,0.0007,-0.0644
Uganda,2016,Uganda-2016,1323000,1118000000,309000000,38799152,809000000,-0.3425,-0.2949,-0.3445,0.0114,-0.06
Uganda,2017,Uganda-2017,1402000,954000000,365000000,40177388,589000000,-0.3393,-0.303,-0.3409,0.0229,-0.0856
Uganda,2018,Uganda-2018,1506000,1522000000,497000000,41565831,1025000000,-0.335,-0.275,-0.3326,0.0345,-0.0349
Uganda,2019,Uganda-2019,1543000,1400000000,596000000,42999637,804000000,-0.3335,-0.281,-0.3264,0.0465,-0.0606
Uganda,2020,Uganda-2020,473000,518000000,268000000,44457152,250000000,-0.3774,-0.3246,-0.3471,0.0587,-0.1251
Ukraine,2015,Ukraine-2015,13025000,1662000000,5408000000,45784896,-3746000000,0.1368,-0.2681,-0.0226,0.0698,-0.5906
Ukraine,2016,Ukraine-2016,13734000,1723000000,6306000000,45616832,-4583000000,0.1658,-0.2651,0.0341,0.0684,-0.6881
Ukraine,2017,Ukraine-2017,14579000,2019000000,7536000000,45436041,-5517000000,0.2004,-0.2504,0.1117,0.0669,-0.7969
Ukraine,2018,Ukraine-2018,14342000,2269000000,8287000000,45208907,-6018000000,0.1907,-0.2381,0.1591,0.065,-0.8552
Ukraine,2019,Ukraine-2019,13710000,2595000000,8907000000,44957458,-6312000000,0.1648,-0.222,0.1982,0.0629,-0.8895
Ukraine,2020,Ukraine-2020,3382000,687000000,4823000000,44680014,-4136000000,-0.2582,-0.3162,-0.0595,0.0605,-0.636
United Arab Emirates,2015,United Arab Emirates-2015,19313000,25587099609.38,16637099609.38,8505237,8950000000,0.3943,0.9134,0.6862,-0.242,0.8882
United Arab Emirates,2016,United Arab Emirates-2016,20894000,28657400390.63,17127259765.63,8935095,11530140625,0.4591,1.065,0.7171,-0.2384,1.1888
United Arab Emirates,2017,United Arab Emirates-2017,21805000,29705500000,17644699218.75,9223225,12060800781.25,0.4964,1.1167,0.7498,-0.236,1.2506
United Arab Emirates,2018,United Arab Emirates-2018,23092000,34609500000,18004099609.38,9346701,16605400390.62,0.5491,1.3589,0.7725,-0.235,1.7799
United Arab Emirates,2019,United Arab Emirates-2019,25282000,38413300781.25,18382000000,9445785,20031300781.25,0.6388,1.5467,0.7963,-0.2342,2.179
United Arab Emirates,2020,United Arab Emirates-2020,8084000,24615400390.63,15085000000,9401038,9530400390.63,-0.0656,0.8654,0.5882,-0.2345,0.9558
United States,2015,United States-2015,176864531.25,230574000000,144669000000,320738994,85905000000,6.8478,11.0355,8.7677,2.3694,9.8518
United States,2016,United States-2016,175261484.38,228549000000,147640000000,323071755,80909000000,6.7821,10.9356,8.9553,2.3889,9.2699
United States,2017,United States-2017,174291750,233758000000,158287000000,325122128,75471000000,6.7424,11.1928,9.6273,2.4061,8.6365
United States,2018,United States-2018,169324921.88,241984000000,176818000000,326838199,65166000000,6.539,11.599,10.797,2.4204,7.4362
United States,2019,United States-2019,165478000,239447000000,186079000000,328329953,53368000000,6.3814,11.4737,11.3816,2.4329,6.062
United States,2020,United States-2020,45037000,84205000000,48837000000,331526933,35368000000,1.448,3.8079,2.7187,2.4597,3.9654
Uruguay,2015,Uruguay-2015,3286000,2349000000,1384000000,3368017,965000000,-0.2621,-0.2341,-0.2766,-0.285,-0.0418
Uruguay,2016,Uruguay-2016,3632000,2396000000,1079000000,3379283,1317000000,-0.248,-0.2318,-0.2959,-0.2849,-0.0008
Uruguay,2017,Uruguay-2017,4219000,2924000000,1222000000,3388438,1702000000,-0.2239,-0.2057,-0.2868,-0.2848,0.044
Uruguay,2018,Uruguay-2018,3954000,2708000000,1252000000,3394534,1456000000,-0.2348,-0.2164,-0.285,-0.2848,0.0153
Uruguay,2019,Uruguay-2019,3480000,2335000000,1424000000,3397206,911000000,-0.2542,-0.2348,-0.2741,-0.2847,-0.0481
Uruguay,2020,Uruguay-2020,3714200,1085000000,412000000,3398968,673000000,-0.2446,-0.2966,-0.338,-0.2847,-0.0759
Uzbekistan,2015,Uzbekistan-2015,1918000,688000000,1902000000,30749346,-1214000000,-0.3182,-0.3162,-0.2439,-0.056,-0.2956
Uzbekistan,2016,Uzbekistan-2016,2027000,579000000,1832000000,31284568,-1253000000,-0.3137,-0.3215,-0.2483,-0.0515,-0.3002
Uzbekistan,2017,Uzbekistan-2017,2690000,835000000,2107000000,31819178,-1272000000,-0.2865,-0.3089,-0.231,-0.047,-0.3024
Uzbekistan,2018,Uzbekistan-2018,5346000,1314000000,2722000000,32373490,-1408000000,-0.1778,-0.2852,-0.1922,-0.0424,-0.3182
Uzbekistan,2019,Uzbekistan-2019,6749000,1679000000,2753000000,32964701,-1074000000,-0.1203,-0.2672,-0.1902,-0.0374,-0.2793
Uzbekistan,2020,Uzbekistan-2020,3746000,395000000,1062000000,33586372,-667000000,-0.2433,-0.3306,-0.2969,-0.0322,-0.2319
Vanuatu,2015,Vanuatu-2015,287000,254000000,34000000,266101,220000000,-0.385,-0.3376,-0.3618,-0.3109,-0.1286
Vanuatu,2016,Vanuatu-2016,351600.01,275000000,28000000,272087,247000000,-0.3823,-0.3366,-0.3622,-0.3109,-0.1255
Vanuatu,2017,Vanuatu-2017,332700.01,289000000,19000000,278507,270000000,-0.3831,-0.3359,-0.3628,-0.3108,-0.1228
Vanuatu,2018,Vanuatu-2018,350200.01,325000000,21000000,285259,304000000,-0.3824,-0.3341,-0.3627,-0.3108,-0.1188
Vanuatu,2019,Vanuatu-2019,256000,295000000,32000000,291985,263000000,-0.3862,-0.3356,-0.362,-0.3107,-0.1236
Vanuatu,2020,Vanuatu-2020,82400,67000000,22000000,298858,45000000,-0.3934,-0.3468,-0.3626,-0.3107,-0.149
Vietnam,2015,Viet Nam-2015,7944000,7350000000,3595000000,92823254,3755000000,-0.0713,0.0128,-0.1371,0.4632,0.2831
Vietnam,2016,Viet Nam-2016,10013000,8500000000,4500000000,94000117,4000000000,0.0134,0.0696,-0.0799,0.473,0.3117
Vietnam,2017,Viet Nam-2017,12922000,8890000000,5040000000,95176977,3850000000,0.1326,0.0889,-0.0459,0.4829,0.2942
Vietnam,2018,Viet Nam-2018,15498000,10080000000,5910000000,96237319,4170000000,0.2381,0.1476,0.0091,0.4918,0.3315
Vietnam,2019,Viet Nam-2019,18009000,11830000000,6460000000,97173776,5370000000,0.3409,0.234,0.0438,0.4996,0.4712
Vietnam,2020,Viet Nam-2020,3837000,3232000000,4360000000,98079191,-1128000000,-0.2396,-0.1905,-0.0888,0.5072,-0.2856
Zambia,2015,Zambia-2015,932000,0,400000000,16399089,-400000000,-0.3586,-0.3501,-0.3387,-0.176,-0.2008
Zambia,2016,Zambia-2016,956000,0,423000000,16914423,-423000000,-0.3576,-0.3501,-0.3373,-0.1717,-0.2035
Zambia,2017,Zambia-2017,1009000,0,410000000,17441320,-410000000,-0.3554,-0.3501,-0.3381,-0.1673,-0.202
Zambia,2018,Zambia-2018,1072000,0,478000000,17973569,-478000000,-0.3528,-0.3501,-0.3338,-0.1628,-0.2099
Zambia,2019,Zambia-2019,1266000,0,511000000,18513839,-511000000,-0.3449,-0.3501,-0.3317,-0.1583,-0.2138
Zambia,2020,Zambia-2020,502000,0,474000000,19059395,-474000000,-0.3762,-0.3501,-0.3341,-0.1537,-0.2095
Zimbabwe,2015,Zimbabwe-2015,2057000,191000000,557000000,14399013,-366000000,-0.3125,-0.3407,-0.3288,-0.1927,-0.1969
Zimbabwe,2016,Zimbabwe-2016,2168000,194000000,406000000,14600294,-212000000,-0.3079,-0.3406,-0.3384,-0.191,-0.1789
Zimbabwe,2017,Zimbabwe-2017,2423000,158000000,337000000,14812482,-179000000,-0.2975,-0.3423,-0.3427,-0.1893,-0.1751
Zimbabwe,2018,Zimbabwe-2018,2580000,191000000,269000000,15034452,-78000000,-0.291,-0.3407,-0.347,-0.1874,-0.1633
Zimbabwe,2019,Zimbabwe-2019,2294000,285000000,257000000,15271368,28000000,-0.3028,-0.3361,-0.3478,-0.1854,-0.151
Zimbabwe,2020,Zimbabwe-2020,639000,66000000,157000000,15526888,-91000000,-0.3706,-0.3469,-0.3541,-0.1833,-0.1648
